Company_Name,Return,LTP,NIFTY50
GAMMONIND,-inf,,False
SABTN,-inf,,False
VICEROY,-inf,,False
MOHOTAIND,-inf,,False
UJAAS,-inf,,False
BOHRAIND,-75.91622971295035,14.0,False
COMPINFO,-74.50819718264279,3.11,False
CGCL,-74.23496769785403,208.89,False
ATALREAL,-70.98161844016028,7.42,False
CUPID,-70.42965459140692,87.75,False
BCG,-67.71186541360329,7.62,False
SEMAC,-64.45871754052965,578.15,False
FSC,-61.649483487030565,3.72,False
FLFL,-59.83051106355132,2.37,False
SECURCRED,-59.75062343190727,8.07,False
SRPL,-59.23076993614966,1.06,False
VCL,-58.26086963282191,0.96,False
AKSHAR,-58.23967308171206,2.57,False
OCCL,-58.0223974591609,339.2,False
JAIPURKURT,-57.69491680597854,37.44,False
RAJRILTD,-56.2051274226262,21.35,False
BAIDFIN,-56.11335880240125,16.26,False
JALAN,-53.57142857142857,,False
MKPL,-53.412142651740865,11.56,False
MEDICO,-51.37952837053111,38.24,False
OSWALSEEDS,-49.251825085547026,27.81,False
HILTON,-49.02350644594185,84.57,False
MUFTI,-48.64189940147622,160.34,False
MEP,-48.17120895174349,6.66,False
GSS,-46.85875844147246,94.06,False
MEDICAMEQ,-45.2259148249203,449.75,False
DANGEE,-44.26966408519776,7.44,False
SELMC,-42.969433559117995,58.77,False
DELPHIFX,-42.93658056854899,215.5,False
DIL,-42.85714439367503,7.6,False
ZEEL,-39.68280949125731,142.62,False
CMICABLES,-39.47368470585578,4.6,False
TATVA,-39.054121755163926,1000.0,False
RAJESHEXPO,-38.77172373730162,313.55,False
DREAMFOLKS,-38.486539966005694,473.1,False
UGARSUGAR,-37.89035962975543,82.14,False
ANMOL,-36.852025482034286,33.5,False
LATTEYS,-35.40500791647982,21.93,False
ACLGATI,-35.102599703194635,94.88,False
PAYTM,-34.69950666869086,509.05,False
OSIAHYPER,-34.63157854582134,24.84,False
FUSION,-32.74737019850038,438.05,False
BSHSL,-32.34714595850957,199.17,False
MORARJEE,-32.32876503304259,12.35,False
FLAIR,-32.14681385041892,305.95,False
PRITI,-32.001997984516,136.37,False
LAOPALA,-31.858599294489824,318.05,False
DELTACORP,-31.538855069748113,133.91,False
MANAKSIA,-31.44927121113932,99.33,False
FRETAIL,-30.68493410175966,2.53,False
APTECHT,-30.622170295227235,222.46,False
HLEGLAS,-30.30279585903849,451.15,False
PRUDMOULI,-30.301001944921513,,False
SERVOTECH,-30.123242385584227,121.9,False
KALAMANDIR,-29.599833418132075,172.41,False
GANDHAR,-29.48241619436478,212.54,False
MOTILALOFS,-29.33612440191388,590.75,False
NILKAMAL,-29.210977672418583,1933.85,False
IRISDOREME,-29.117448044833704,63.61,False
IDEAFORGE,-29.04427314898349,828.55,False
MEDPLUS,-28.53629497084793,668.4,False
HARDWYN,-28.341344809214696,29.81,False
SUULD,-28.198756858902524,5.78,False
WEWIN,-27.935553515245346,71.56,False
BGRENERGY,-27.821608264610436,42.08,False
IKIO,-26.791814028175864,300.3,False
MARSHALL,-26.777224857861793,39.95,False
AMBICAAGAR,-26.694679224037166,26.17,False
MBAPL,-26.494015833326497,224.23,False
BUTTERFLY,-26.31533986127882,865.5,False
DIVGIITTS,-26.144401666409355,673.6,False
PALREDTEC,-26.006870335320016,107.66,False
TASTYBITE,-25.845708607649335,10187.65,False
SMLT,-25.767080914641483,192.82,False
UNIPARTS,-25.65670379577107,492.45,False
ESAFSFB,-25.48877843731002,51.45,False
KBCGLOBAL,-25.45454718849875,2.05,False
LOTUSEYE,-23.982446784869406,69.29,False
VRLLOG,-23.973202601549417,567.35,False
SPECIALITY,-23.941243489583332,168.28,False
TATATECH,-23.914699162223915,999.0,False
SHRENIK,-23.80951921415416,0.8,False
LORDSCHLO,-23.686926034592307,133.09,False
RAMAPHO,-23.185078198871157,187.39,False
MOLDTKPAC,-22.82119407626119,797.45,False
RAJRATAN,-22.74865365527023,582.9,False
SOUTHWEST,-22.65988848220965,106.42,False
RAMASTEEL,-22.531643277501132,10.2,False
TANLA,-22.466516598518787,960.95,False
CAMLINFINE,-22.38921085010665,120.84,False
TCIEXP,-22.19307057742869,1201.3,False
IIFL,-22.1416887751668,451.15,False
EQUIPPP,-22.125600968404846,24.18,False
HINDWAREAP,-22.04310140629436,459.4,False
DHAMPURSUG,-21.813335503472224,219.9,False
VIPIND,-21.797956854774725,471.05,False
PRECAM,-21.552664688466823,186.94,False
VALIANTORG,-21.535873295888223,396.95,False
SPTL,-21.48148710672083,,False
DWARKESH,-21.226217922770687,74.52,False
OMKARCHEM,-21.145378780100188,8.95,False
NURECA,-20.87667161961367,266.25,False
HGS,-20.60655354770655,828.55,False
AKG,-20.318583260595272,22.51,False
AWL,-20.208590454850462,325.15,False
DENORA,-20.11299531127029,1788.75,False
ANURAS,-19.92021634906827,782.9,False
EXPLEOSOL,-19.82653226204086,1280.25,False
DBOL,-19.57193743533498,135.28,False
SECURKLOUD,-19.401068865934157,37.68,False
NACLIND,-19.326484703281434,70.67,False
BARBEQUE,-19.186646201322468,549.45,False
VINYLINDIA,-19.16228447346928,399.5,False
KANANIIND,-18.94040091456733,3.06,False
SINDHUTRAD,-18.823528091800213,19.32,False
VALIANTLAB,-18.819379316377567,138.21,False
KRBL,-18.653946750140683,307.0,False
NGIL,-18.472488487049144,40.42,False
YAARI,-18.447484376941915,8.93,False
NAVINFLUOR,-18.035238685243137,3530.55,False
EXXARO,-17.689887914764746,91.57,False
MONTECARLO,-17.58542777874913,692.2,False
NTL,-17.499997951090364,2.64,False
SHYAMCENT,-17.45721989723635,16.88,False
GOYALALUM,-17.309411816427183,9.22,False
ARMANFIN,-16.934675500464277,1900.95,False
TOTAL,-16.917293233082706,110.5,False
ONWARDTEC,-16.731514565536934,460.1,False
DPWIRES,-16.5813994005522,431.05,False
SHIVALIK,-16.535641808364876,647.6,False
ORIENTBELL,-16.502640609908966,403.0,False
BAJAJELEC,-16.258976845833846,1003.6,False
APOLLOPIPE,-16.105046083624657,614.95,False
SBICARD,-15.866166649886388,721.7,False
MUFIN,-15.858737420858503,113.17,False
FEL,-15.789471372673027,0.8,False
POLYPLEX,-15.682111914291688,1051.95,False
FOODSIN,-15.63515877340021,153.08,False
ALKYLAMINE,-15.332206975040434,2050.4,False
GLOBUSSPR,-15.219279461596386,879.6,False
GNA,-15.174822496811274,419.1,False
ALLCARGO,-15.121950000927864,63.51,False
BHARATGEAR,-15.112142656103131,109.76,False
KUANTUM,-15.041103235923371,160.19,False
KANSAINER,-14.9521231352648,275.3,False
SRHHYPOLTD,-14.935874750801544,646.7,False
SAH,-14.704391986968886,84.4,False
RADIANTCMS,-14.54450894854542,82.55,False
SPANDANA,-14.095025597245389,701.5,False
MUTHOOTCAP,-13.977943281135149,335.4,False
UTTAMSUGAR,-13.940982005635249,328.1,False
TARSONS,-13.551681003732275,517.35,False
UNIVPHOTO,-13.417388623183529,363.95,False
MTEDUCARE,-13.3333325182271,3.38,False
UPL,-13.17909462878939,544.15,False
FOCUS,-13.06539282657443,134.54,False
VIRINCHI,-12.933329264322916,32.65,False
NDLVENTURE,-12.778853938570592,112.21,False
BANDHANBNK,-12.77752484738618,192.5,False
SVPGLOB,-12.737428947266071,7.81,False
SFL,-12.726111938710364,1025.25,False
ASIANPAINT,-12.44286852707422,2950.15,True
MANYAVAR,-12.359364724554837,1082.8,False
FEDFINA,-12.31372309666054,122.98,False
EASTSILK,-12.195122234882314,,False
MPTODAY,-12.13534920283062,,False
HMAAGRO,-11.94937613335038,53.57,False
LINC,-11.76167949815935,600.55,False
LANDMARK,-11.63598849160702,648.15,False
JAYBARMARU,-11.569784502496642,110.75,False
HAPPSTMNDS,-11.403364006057467,818.5,False
REPRO,-11.258825949286738,697.55,False
AETHER,-11.258278145695364,904.5,False
SDBL,-11.236047684080283,111.31,False
AVALON,-11.1470094641081,522.5,False
PRAXIS,-10.857143099345858,14.04,False
GREENPANEL,-10.854120536309964,319.9,False
INFOBEAN,-10.813833956558367,438.35,False
AUBANK,-10.806361282752722,650.4,False
LOYALTEX,-10.780498938683667,596.7,False
SBFC,-10.726680821042036,82.31,False
DISHTV,-10.67796758110919,15.81,False
EQUITASBNK,-10.442841966007784,86.96,False
FCONSUMER,-9.999997350904604,0.81,False
ASHOKAMET,-9.819004700621788,19.93,False
IDFCFIRSTB,-9.775892666853604,74.48,False
GULPOLY,-9.583810206626971,198.78,False
AARTIDRUGS,-9.416114687517746,526.7,False
DEVYANI,-9.331279541180749,176.94,False
TIPSFILMS,-9.191236359388164,538.95,False
SHANKARA,-8.751864538475655,674.05,False
RELAXO,-8.694049362310857,864.85,False
SADHNANIQ,-8.65384773057881,80.75,False
PEL,-8.494740798170094,992.1,False
M&MFIN,-8.248709546448033,293.65,False
MTARTECH,-8.209809869642932,1913.55,False
BAFNAPH,-8.108108108108109,85.0,False
MUTHOOTMF,-8.078151603626244,244.65,False
MATRIMONY,-7.980423959672939,601.9,False
APCOTEXIND,-7.493566748395289,467.25,False
CREDITACC,-7.475581201748025,1311.95,False
ACEINTEG,-7.371433803013392,32.42,False
JETAIRWAYS,-7.364865642758425,41.13,False
TOUCHWOOD,-7.25850215574511,136.33,False
RAMCOCEM,-7.1112068024197725,828.15,False
TRU,-6.910491048825848,48.36,False
BAJFINANCE,-6.786701047879797,6789.75,True
DALBHARAT,-6.66220774140346,1812.2,False
JOCIL,-6.361874257684262,193.55,False
PSPPROJECT,-6.309819917087657,685.25,False
MANORG,-6.176888514921317,429.1,False
BATAINDIA,-5.787426261030322,1608.35,False
WESTLIFE,-5.781623568248887,833.55,False
NDTV,-5.778630019467193,221.75,False
SSWL,-5.650871709802672,235.92,False
SHALPAINTS,-5.649606925968638,143.79,False
SIS,-5.5786724719287015,419.75,False
SIYSIL,-5.557075322688806,520.05,False
ORBTEXP,-5.468124922312045,177.2,False
AUTOAXLES,-5.4407703168205925,2077.75,False
GIRRESORTS,-5.2521847291765225,,False
ROSSARI,-5.200480389207193,835.8,False
SIRCA,-4.80118999564978,351.95,False
MIRZAINT,-4.725050441797896,46.78,False
ATAM,-4.720458821340535,188.32,False
TVSELECT,-4.577461677713834,365.85,False
BOROLTD,-4.567842320998075,364.35,False
BLBLIMITED,-4.285711546513624,18.09,False
KABRAEXTRU,-4.044212756955109,395.05,False
SBCL,-3.969452961245027,666.5,False
TVSSCS,-3.905475673390858,193.15,False
SAKSOFT,-3.84802910660351,296.1,False
KKCL,-3.731072823167941,664.4,False
TATAELXSI,-3.726287528217276,6961.6,False
RISHABH,-3.689497084216327,426.8,False
IDFC,-3.511182709821815,112.12,False
SANOFI,-3.441092100148261,6675.6,False
BERGEPAINT,-3.437422613793785,542.4,False
SIGMA,-3.390229541682108,407.5,False
AKSHOPTFBR,-3.3333377769770105,8.99,False
PDPL,-3.3333301544189453,,False
HDFCBANK,-3.287212694465998,1618.15,True
AEROFLEX,-3.246556233848583,157.95,False
KOTAKBANK,-3.196799168195464,1813.85,True
AHLADA,-3.041984160408972,113.15,False
RBA,-2.9159231191802837,108.54,False
DMCC,-2.892631394153034,297.1,False
STARHEALTH,-2.8818007376792916,613.35,False
EPL,-2.811540341750176,222.27,False
GOLDENTOBC,-2.804600507363506,42.28,False
GLOBAL,-2.790295586798706,168.27,False
IRMENERGY,-2.694705730629142,460.4,False
YATRA,-2.685794010605027,132.25,False
CHEMCON,-2.638905745426333,261.95,False
SAHYADRI,-2.512929746940179,395.7,False
DELHIVERY,-2.504914514060794,397.0,False
REPL,-2.495345846000618,183.26,False
PVRINOX,-2.3723195927814538,1493.85,False
VAIBHAVGBL,-2.2323412633317754,332.85,False
SHOPERSTOP,-2.178326386995457,770.15,False
IPL,-2.1217688769795005,215.43,False
NUVOCO,-2.0522144991687443,350.8,False
LASA,-2.020617612858409,23.76,False
KAMATHOTEL,-1.901092863793406,229.11,False
BAJAJFINSV,-1.7404290239652624,1586.45,True
RUPA,-1.653457800484623,285.5,False
SATINDLTD,-1.5955885026978502,98.06,False
PODDARHOUS,-1.591162918680939,89.06,False
GVPTECH,-1.577062867647436,13.73,False
APLAPOLLO,-1.4081280963518283,1484.35,False
RBLBANK,-1.4004978626531628,235.85,False
INDIGOPNTS,-1.3684641462393683,1491.95,False
KANPRPLA,-1.291971315552078,116.13,False
MENONBE,-1.1984788734494274,129.43,False
RGL,-1.144842141784156,99.3,False
MEGASTAR,-1.0466988727858293,307.25,False
SHANTI,-1.0191073207382315,15.54,False
VIVIMEDLAB,-1.0000038146972656,,False
MAHAPEXLTD,-0.9719291697394574,164.04,False
INDUSINDBK,-0.8265012272999099,1403.9,True
BTML,-0.8196695681958857,13.31,False
RAIN,-0.7997605572146315,164.97,False
RHIM,-0.740980031499131,609.5,False
DIGJAMLMTD,-0.7189916070257355,82.85,False
STLTECH,-0.713562798261556,147.49,False
POONAWALLA,-0.700408049090752,375.7,False
GOCOLORS,-0.6812985753582004,1158.95,False
ASTRON,-0.5847938431231381,25.5,False
DCBBANK,-0.4845119959956284,125.29,False
KSOLVES,-0.4001720378510536,1070.25,False
SPARC,-0.3473261361760233,226.66,False
VENKEYS,-0.3280164917107671,1914.35,False
UTKARSHBNK,-0.1995977588157961,50.0,False
BAJAJHCARE,-0.1934185413811704,361.2,False
TEMBO,-0.1246655261299622,224.32,False
MAHESHWARI,-0.1033205827663745,67.68,False
PPAP,-0.0850024442886658,211.57,False
SCPL,-0.0820647370493845,426.15,False
IGARASHI,-0.018658326315116,536.05,False
ZIMLAB,-0.0176560211139616,113.28,False
JPINFRATEC,0.0,,False
UJJIVAN,0.0,591.0,False
TATAMETALI,0.0,,
SHIRPUR-G,0.0,,False
JIKIND,0.0,,False
OPTOCIRCUI,0.0,,False
NUTEK,0.0,,False
INDOSOLAR,0.0,,False
BRFL,0.0,,False
KGL,0.0,,False
CKFSL,0.0,,False
ARCOTECH,0.0,,False
DHARSUGAR,0.0,,False
LAKSHMIEFL,0.0,,False
CANDC,0.0,,False
LEEL,0.0,,False
SHARONBIO,0.0,,
IVRCLINFRA,0.0,,False
PUNJLLOYD,0.0,,False
VISUINTL,0.0,,False
UNITY,0.0,,False
JAINSTUDIO,0.0,,False
ATNINTER,0.0,,False
TECHNOFAB,0.0,,False
MANPASAND,0.0,,False
CELESTIAL,0.0,,False
TALWALKARS,0.0,,False
TALWGYM,0.0,,False
KSK,0.0,,False
ALCHEM,0.0,,False
DSKULKARNI,0.0,,False
SATHAISPAT,0.0,,False
VALECHAENG,0.0,,False
CCCL,0.0,,False
EUROCERA,0.0,,False
ATLASCYCLE,0.0,,False
NAKODA,0.0,,False
AHLWEST,0.0,,False
GBGLOBAL,0.0,,False
EUROMULTI,0.0,,False
VIDEOIND,0.0,,False
MVL,0.0,,False
RMMIL,0.0,,False
ICSA,0.0,,False
DQE,0.0,,False
MARKER0,0.0,,
RNAVAL,0.0,,False
RAINBOWPAP,0.0,,False
MERCATOR,0.0,,False
ASIL,0.0,,False
ZICOM,0.0,,False
BLUEBLENDS,0.0,,False
GITANJALI,0.0,,False
METKORE,0.0,,False
TINPLATE,0.0,,
BILENERGY,0.0,,False
KSERASERA,0.0,,False
NITINFIRE,0.0,,False
JINDCOT,0.0,,False
EON,0.0,,False
MCDHOLDING,0.0,,False
EASUNREYRL,0.0,,False
BALLARPUR,0.0,,False
AIFL,0.0,,False
UNIPLY,0.0,,False
SINTERCOM,0.0076969629311915,129.86,False
AVROIND,0.026165528912011,114.68,False
MOTOGENFIN,0.0269599370400127,37.11,False
VISHWARAJ,0.1223269559451472,16.37,False
PGHL,0.5185676107749452,5233.65,False
HCL-INSYS,0.5341255225540859,16.94,False
SPLIL,0.6322338808889721,65.26,False
CCL,0.6767263618528333,617.4,False
JHS,0.7494137918188414,21.51,False
ARCHIES,0.8155304251365292,25.96,False
IFBAGRO,0.9123391030299642,564.1,False
GODHA,0.9999990463256836,1.01,False
UNIENTER,1.1286867126937985,163.07,False
SYRMA,1.1376940145700427,475.6,False
UJJIVANSFB,1.1957756231819816,43.16,False
UGROCAP,1.6069676269058568,262.4,False
GMMPFAUDLR,1.709103592605511,1458.0,False
OAL,1.7193215550997132,455.55,False
INDOCO,1.8611968127710965,322.9,False
STEELXIND,2.158274812719628,14.2,False
APCL,2.1769414948842716,198.07,False
EASEMYTRIP,2.2302165183706943,42.63,False
JAGRAN,2.260170699171335,101.8,False
SANGINITA,2.347962005422113,17.27,False
IEL,2.3958284697600813,9.83,False
SOMANYCERA,2.452501388732849,760.3,False
VISESHINFO,2.4999975785613424,0.41,False
UNITEDPOLY,2.579911159357065,89.86,False
EROSMEDIA,2.638522321211991,19.45,False
SYNGENE,2.6892300050210083,782.8,False
ROHLTD,2.7003537965631215,353.7,False
MOLDTECH,2.70322443329467,265.95,False
ASTEC,2.800476856720753,1282.95,False
AVTNPL,2.9254014190673323,88.31,False
SULA,2.9485011439972793,495.8,False
ROML,2.9545459919276595,49.83,False
AHLEAST,2.970924441954316,129.28,False
NEOGEN,3.038468663836331,1626.05,False
CAMPUS,3.048885569852941,310.95,False
INDIAMART,3.06515848005692,3032.95,False
CENTURYPLY,3.0829805179912926,693.8,False
HNDFDS,3.1667037609326028,591.3,False
TMB,3.178345352314188,459.35,False
SANCO,3.225806451612903,8.0,False
KAJARIACER,3.2262660091064057,1438.2,False
GATECH,3.3333300219643105,1.24,False
EIFFL,3.4746106577003064,147.71,False
5PAISA,3.5229489093927793,480.45,False
HITECHCORP,3.5343035343035343,249.0,False
BINANIIND,3.545148760756027,15.48,False
ISFT,3.568137967487331,135.26,False
AMDIND,3.672563055592627,70.29,False
ICRA,3.6800362565148426,5719.25,False
HEADSUP,3.73443819205196,12.5,False
GHCL,3.73983506321736,542.3,False
MANGALAM,3.7470517555961016,109.92,False
ESTER,4.025153283648816,115.78,False
SECMARK,4.078594026188231,97.99,False
VIPCLOTHNG,4.102564582359104,46.69,False
FINOPB,4.2468363604047,300.7,False
RSYSTEMS,4.308290573596355,481.8,False
AARTISURF,4.358075820957326,641.75,False
CEATLTD,4.563947305966574,2609.55,False
NAVNETEDUL,4.984795320431988,155.43,False
NIRAJISPAT,4.991766699061949,,False
GAYAPROJ,4.999998389063675,7.77,False
ASPINWALL,5.101859479292873,281.2,False
PRINCEPIPE,5.1075517268772,671.9,False
MAITHANALL,5.114200557220027,1155.1,False
FIVESTAR,5.11824159152797,757.85,False
UCAL,5.163782082535644,163.74,False
KANORICHEM,5.207200820104045,125.67,False
AVADHSUGAR,5.245102048798102,629.05,False
EMAMIPAP,5.329670984460768,134.19,False
TRIGYN,5.407493368114022,136.45,False
HINDUNILVR,5.49448200502636,2711.05,True
SUBEXLTD,5.537558249976488,35.83,False
3RDROCK,5.555551746398929,,False
DALMIASUG,5.645791748437303,403.25,False
SURYODAY,5.739078865293455,182.77,False
AKZOINDIA,5.889075470519612,2872.4,False
MOL,5.914440859044266,85.42,False
ANDHRSUGAR,6.041664924598571,117.07,False
BANG,6.113535553936947,48.6,False
NELCO,6.138174111051417,833.45,False
HDFCLIFE,6.174045229864687,703.35,True
RANASUG,6.215650082088577,25.12,False
ORTINLAB,6.699261030677067,21.82,False
GANESHBE,6.759947083886994,171.67,False
BROOKS,7.023900714789555,92.12,False
TATACHEM,7.263067329016113,1070.7,False
LXCHEM,7.306483207648197,271.7,False
DIAMONDYD,7.318675852935106,898.15,False
JAGSNPHARM,7.323372882345448,394.95,False
ROUTE,7.497957704344624,1642.3,False
ASTERDM,7.532804296052451,331.9,False
BBTCL,7.581380984048848,246.2,False
INDORAMA,7.658159425896943,48.5,False
KOLTEPATIL,7.674080144292667,409.0,False
YASHO,7.713349166069726,1929.9,False
ACL,7.74655512870179,,False
ROLEXRINGS,7.814744281730237,2404.7,False
BALAXI,7.829390129886185,110.73,False
GALAXYSURF,7.88853315574192,2861.15,False
PLAZACABLE,7.892770663245551,86.53,False
DELTAMAGNT,7.97646915211397,91.78,False
BLUEJET,7.982583572137939,446.4,False
ITC,7.988393804796953,502.2,True
SKFINDIA,8.05400381207811,5602.6,False
GANGAFORGE,8.0597011526222,7.24,False
SUPERHOUSE,8.079098001515247,229.56,False
AAVAS,8.089964357763762,1746.95,False
RUBYMILLS,8.118076843626623,234.4,False
ARSSINFRA,8.167536307778557,20.66,False
UNIDT,8.17664794579111,237.61,False
PYRAMID,8.21841069807352,192.25,False
KSHITIJPOL,8.25174360673086,7.74,False
BHAGERIA,8.325732103776467,166.28,False
GROBTEA,8.384583394002293,960.45,False
BLUEDART,8.404909007904664,7894.75,False
BALAMINES,8.415154944787732,2368.6,False
ANSALAPI,8.444446987575954,9.76,False
ADFFOODS,8.620049180962267,232.99,False
VSCL,8.771930118089982,,False
RENUKA,8.772680350505958,50.96,False
SHREYAS,8.809002920190585,396.5,False
TECILCHEM,8.923075749323917,21.24,False
RAINBOW,8.966417101693917,1169.7,False
VAISHALI,8.978619056347231,160.58,False
SALSTEEL,8.991823347298036,20.0,False
GAEL,9.179821030922987,141.77,False
TATACOMM,9.198264799656297,1886.4,False
HERANBA,9.22802535574341,398.3,False
DAMODARIND,9.300322118123557,50.77,False
HIL,9.655114433873988,3076.1,False
JPASSOCIAT,9.67741935483871,8.5,False
3IINFOLTD,9.693429765910128,37.57,False
KAKATCEM,9.708781413738508,239.22,False
MAWANASUG,9.726353437355346,114.28,False
LOVABLE,9.75148203052014,156.78,False
KOKUYOCMLN,9.753356019716206,155.74,False
SIMBHALS,9.773199337044945,26.62,False
SANGHIIND,9.828450506677092,99.23,False
TRACXN,9.846879222732756,93.26,False
TOKYOPLAST,10.033222447004311,115.92,False
FINEORG,10.0459011383826,5190.7,False
INTLCONV,10.142489819402735,85.03,False
PGHH,10.171695117908389,17385.7,False
DTIL,10.20408192484529,234.9,False
DABUR,10.2213359466337,632.45,False
WIPL,10.225669737614474,156.3,False
NARMADA,10.230179427366112,21.55,False
TV18BRDCST,10.275685005831036,44.0,False
IOLCP,10.370566052656692,414.0,False
AKI,10.372090894122456,23.73,False
CRISIL,10.517439463710271,4226.85,False
AARON,10.52077286492442,262.1,False
STERTOOLS,10.653473265605715,380.15,False
ARSHIYA,10.666667090521916,4.98,False
WHEELS,10.706064660261436,865.5,False
BORORENEW,10.75224331018148,541.8,False
DCAL,10.822366413317228,168.45,False
KIMS,10.838283999266316,2153.2,False
USHAMART,10.843377322284242,372.6,False
KTKBANK,10.85116580558908,227.91,False
NESTLEIND,10.945871716844865,2476.9,True
MANKIND,11.051685200631685,2055.9,False
CANFINHOME,11.112553274185476,856.9,False
PAGEIND,11.271024334336694,41443.95,False
VSTIND,11.271109957838789,4095.5,False
RELINFRA,11.354199478568027,190.36,False
SATIN,11.372448743445208,223.97,False
HCG,11.408032069829025,356.45,False
APOLSINHOT,11.440546919659871,1462.1,False
VIDHIING,11.570987310100035,435.35,False
MADHAV,11.827701807029612,48.03,False
GUJAPOLLO,11.974706394384963,274.45,False
NAHARCAP,12.150026234780505,324.45,False
CHEVIOT,12.175882371647177,1386.55,False
VIMTALABS,12.298266027994128,549.7,False
HPAL,12.300709309001714,101.43,False
SETUINFRA,12.307699361496685,0.73,False
SAPPHIRE,12.401114141274192,1555.8,False
SILLYMONKS,12.408371123301498,21.47,False
ATL,12.425905471381435,51.21,False
PANACEABIO,12.436623937483631,137.51,False
GRMOVER,12.497251483189675,204.07,False
BANARISUG,12.499321622879595,3107.4,False
CERA,12.521016301732434,8768.2,False
GTECJAINX,12.557144165039064,78.79,False
UDS,12.574854869510208,319.6,False
INNOVACAP,12.62467168521283,609.75,False
INDOTHAI,12.863577677736131,275.5,False
EUROTEXIND,12.868857975769949,13.77,False
MASFIN,13.088185330136229,289.6,False
ATFL,13.296350582670197,949.65,False
TAKE,13.37110856293651,20.01,False
JTLIND,13.421512621597362,212.24,False
INDOBORAX,13.439190386359137,189.33,False
XPROINDIA,13.439661307290576,1017.1,False
JSWSTEEL,13.45511657234252,900.55,True
MANUGRAPH,13.475927527282732,21.22,False
GSLSU,13.484764780595585,212.33,False
AXITA,13.530863067250191,22.99,False
SALONA,13.56373064739338,305.6,False
DEVIT,13.5939962811221,143.81,False
SRF,13.59757710051957,2456.15,False
GOCLCORP,13.738264038304491,436.3,False
LYKALABS,13.840512085527545,124.2,False
RAYMOND,13.872402154126217,2052.55,False
CENTUM,13.974089495109132,1640.6,False
NATHBIOGEN,13.975675604467138,238.95,False
GINNIFILA,13.989265619615324,31.86,False
GNFC,14.061458571061772,683.0,False
BALRAMCHIN,14.197295173380182,461.3,False
BANSWRAS,14.25049868079082,171.49,False
SPENTEX,14.285714285714285,,False
BASML,14.298345239122929,51.72,False
SATIA,14.410957789312215,125.28,False
ACCURACY,14.4339592255661,12.13,False
HTMEDIA,14.453784219879156,27.24,False
CRAFTSMAN,14.545598377256375,5323.85,False
XCHANGING,14.64047020035645,137.11,False
TRIDENT,14.74163601574948,37.75,False
SUNFLAG,14.960817482787958,249.35,False
LAXMIMACH,14.990268453235243,15718.25,False
IGL,15.085703614239094,540.5,False
LEXUS,15.12626744766495,45.59,False
ATUL,15.182668060216612,7550.8,False
MUNJALSHOW,15.220743998040204,164.42,False
CONFIPET,15.255337148721118,89.15,False
ADORWELD,15.481796372083082,1435.15,False
SHREECEM,15.489186422621,27566.75,False
AMRUTANJAN,15.516177265037127,753.05,False
MVGJL,15.703014541944604,249.34,False
AARVI,15.72867696599443,149.29,False
CALSOFT,15.821913736894327,16.91,False
RELCAPITAL,15.962449050059757,,False
ONMOBILE,16.123124340547,88.66,False
LAKPRE,16.161620637590065,5.75,False
FMGOETZE,16.22565316225235,432.65,False
SCHAND,16.254085547600912,231.52,False
VINEETLAB,16.258568777871858,59.35,False
GSPL,16.31652839903143,332.2,False
VINNY,16.38889356159882,4.19,False
TITAN,16.390186492170763,3494.15,True
ASTRAL,16.56188603593976,2215.55,False
ABCAPITAL,16.61272732688164,223.43,False
SONACOMS,16.684982544801333,690.25,False
SHEMAROO,16.769562166967077,162.66,False
BODALCHEM,17.05128453143452,82.17,False
MANGCHEFER,17.122374687740034,122.51,False
SAGCEM,17.21593678042858,238.3,False
AMIORG,17.219246985015594,1315.2,False
SUNDRMFAST,17.395620042502067,1419.9,False
DUCON,17.4324252485272,8.69,False
EMMBI,17.501358040469857,108.16,False
KHANDSE,17.527675030026664,31.85,False
COASTCORP,17.762643539488085,302.65,False
KOHINOOR,17.843673905269238,43.72,False
FLUOROCHEM,17.97683179808233,3254.45,False
APTUS,18.1348129652874,319.85,False
PIXTRANS,18.175209014903672,1625.5,False
HINDOILEXP,18.18383057903092,267.45,False
CLEAN,18.19831801460451,1530.55,False
PIIND,18.25720309205903,4207.0,False
TTKPRESTIG,18.284468398534877,921.85,False
REDINGTON,18.29669440173569,212.52,False
ORIENTELEC,18.360725565989213,273.65,False
DATAMATICS,18.591086386796785,650.65,False
HAPPYFORGE,18.927043688806457,1225.9,False
VINATIORGA,18.969370738697464,2154.0,False
LTIM,19.043896858680068,5788.45,True
BIRLATYRE,19.101132986567336,,False
GREENLAM,19.1722466742367,560.05,False
HARSHA,19.208341571847612,531.55,False
BANARBEADS,19.363204691069814,101.22,False
NCLIND,19.385878232360596,233.28,False
BHARATWIRE,19.428444225942616,259.1,False
JINDWORLD,19.496747335326305,377.55,False
SHAHALLOYS,19.595961137251415,59.2,False
RHFL,19.692310920128456,3.89,False
HIMATSEIDE,19.79078987153504,143.15,False
GRINDWELL,19.821949249913285,2590.85,False
SKMEGGPROD,19.853594148965048,270.15,False
KITEX,19.880771030037113,231.25,False
DIAMINESQ,19.94714970786288,635.6,False
CHEMPLASTS,19.979449151981367,525.45,False
MARKER20,20.0,,
NH,20.09343261381441,1246.75,False
VARDHACRLC,20.112674337037852,63.96,False
ADL,20.429967824333264,92.43,False
PIDILITIND,20.46297560873115,3135.35,False
CSBBANK,20.484368286106875,358.2,False
BSL,20.4938917854875,207.37,False
BRITANNIA,20.507241810037208,5872.8,True
GENCON,20.68085366107048,56.72,False
MIRCELECTR,20.71428258634523,23.66,False
ISEC,20.804464867647784,767.35,False
GREAVESCOT,20.84008799947376,163.98,False
VIKASECO,20.96774565689781,3.75,False
ASAHIINDIA,20.969597212343913,682.45,False
HATSUN,21.007188537770546,1212.25,False
MSUMI,21.01367214473139,75.21,False
MHLXMIRU,21.102359206483847,199.94,False
CUB,21.205908350983844,159.81,False
SVLL,21.2065599640271,217.99,False
GUJALKALI,21.380009556609895,785.45,False
INDIANCARD,21.38127995783026,275.05,False
PNBHOUSING,21.383788315892584,793.85,False
TIMKEN,21.427270654664337,4006.25,False
RUSHIL,21.443552881756386,347.45,False
RANEENGINE,21.57407219027295,393.9,False
FAIRCHEMOR,21.662337059014757,1381.05,False
IVP,21.67481059422535,199.06,False
HEUBACHIND,21.700526664887803,500.25,False
ELDEHSG,21.70735971556083,924.55,False
CARYSIL,21.721750621517103,791.8,False
RUCHIRA,21.810848198512257,135.88,False
SEYAIND,21.870226623586795,31.93,False
ICICIBANK,21.90860400624842,1207.2,True
LAMBODHARA,21.91006779569349,185.73,False
VISHNU,21.986488136085303,451.35,False
CELLO,22.053804836910786,966.3,False
AXISCADES,22.16996519658605,571.45,False
RUSTOMJEE,22.187224460711946,698.3,False
BLISSGVS,22.233657369904687,118.75,False
RITCO,22.28059827989897,314.2,False
FCL,22.300856722275363,371.55,False
PROZONER,22.31660529643475,31.68,False
JLHL,22.379735068556823,1316.5,False
SASTASUNDR,22.38428099056424,314.65,False
CYIENT,22.398882230423776,1789.9,False
SUKHJITS,22.446595663932044,524.5,False
IMPEXFERRO,22.456144783158713,3.49,False
EDUCOMP,22.50000238418579,2.5,False
AXISBANK,22.65339573302019,1177.35,True
MARICO,22.687485782239825,679.75,False
COUNCODOS,22.752298923887864,6.69,False
STYLAMIND,22.842115674237764,1949.75,False
OBCL,22.845445641772663,60.01,False
METROBRAND,22.949139823840344,1313.65,False
DCMSHRIRAM,23.129657228017884,1032.75,False
SUMICHEM,23.201855456769387,504.45,False
BHARATRAS,23.22240170802012,11092.05,False
XELPMOC,23.28855180895767,114.72,False
CIEINDIA,23.312050146837695,589.0,False
HARIOMPIPE,23.458404593507908,705.75,False
TVTODAY,23.494282549033574,248.1,False
LGBBROSLTD,23.716830324915097,1426.95,False
GTPL,23.72932147262688,164.56,False
MAYURUNIQ,23.752779189561007,638.75,False
PFOCUS,23.875163658286457,142.89,False
MCL,24.09556845435363,36.36,False
TTML,24.135842646993776,102.35,False
MAHLIFE,24.164974422415987,609.65,False
CINEVISTA,24.18439542663803,17.51,False
CHOLAFIN,24.20881304817197,1410.95,False
JUBLFOOD,24.233349806760053,581.35,False
ALKALI,24.29157509076025,136.41,False
RBL,24.350955979113316,934.0,False
BALPHARMA,24.39024311311649,117.3,False
DICIND,24.456955411156443,552.9,False
KIRIINDUS,24.62187935476627,354.3,False
GRAPHITE,24.78131202254344,520.65,False
SGL,24.80286799609096,17.41,False
GANDHITUBE,24.818408863579453,816.25,False
BEARDSELL,24.836602244201337,38.2,False
DRREDDY,24.90738882047848,6878.65,True
EVEREADY,24.9334127025199,422.15,False
CLSEL,24.976024977410965,221.52,False
HEG,24.990381201814873,2113.65,False
AGI,25.182396822475265,797.85,False
ZODIACLOTH,25.20348017609773,136.91,False
ARTNIRMAN,25.24112600420429,68.82,False
BANKBARODA,25.31994828017174,249.7,False
MBECL,25.526316862687526,4.77,False
BAJAJHLDNG,25.563212908085557,9480.65,False
SPIC,25.654453129894986,84.0,False
SESHAPAPER,25.75035594530875,343.55,False
TREL,25.781464180996664,45.47,False
NSLNISP,25.856838130556653,58.02,False
NYKAA,25.88922466038567,182.98,False
TNPL,25.972464871421018,260.7,False
ABMINTLLTD,25.980003356933594,62.99,False
JAMNAAUTO,25.98147922092014,136.06,False
ELGIEQUIP,26.02947962608865,705.45,False
BIRLACORPN,26.10209114923235,1538.95,False
WEIZMANIND,26.10294842448991,120.05,False
RSWM,26.176252312570497,251.28,False
AIAENG,26.241787595804077,4395.55,False
HOMEFIRST,26.29387269482451,1061.5,False
NAHARINDUS,26.33414470158054,155.77,False
MANAKALUCO,26.424481283220413,33.06,False
JINDALPOLY,26.49714777653436,798.45,False
NIITMTS,26.527416737210345,484.6,False
PATANJALI,26.63325515359321,1667.95,False
ICICIPRULI,26.66434385392601,724.9,False
SANWARIA,26.66666004392862,0.38,False
TAJGVK,26.67549415422574,334.55,False
DCM,26.73170508407965,103.92,False
DYNPRO,26.79393368608955,371.95,False
ADANIENT,26.85307708285118,3080.5,True
LUXIND,27.06007172551586,1979.85,False
PARAGMILK,27.079875324480827,198.88,False
PIONEEREMB,27.133423703531996,48.12,False
RADICO,27.18460404597904,1732.0,False
NIPPOBATRY,27.24522208439712,588.7,False
MANAKSTEEL,27.24862283106008,57.58,False
NRL,27.249756772142135,88.99,False
AJRINFRA,27.272722346723675,,False
SHARDACROP,27.303680581947905,560.9,False
NAHARSPING,27.33923629676199,330.7,False
CLEDUCATE,27.37716094020329,92.03,False
LALPATHLAB,27.391786990899735,3078.55,False
DOLLAR,27.479290876584702,507.75,False
MALUPAPER,27.534887032915456,41.13,False
PRSMJOHNSN,27.625903764609212,159.66,False
SITINET,27.692309808449007,0.83,False
RADIOCITY,27.70491940396605,15.58,False
TTKHLTCARE,27.75258980375046,1521.15,False
HEXATRADEX,27.75980944788356,193.62,False
APOLLOHOSP,27.78352611806155,6664.55,True
GARFIBRES,27.812820717739857,3849.85,False
HISARMETAL,27.819166884707197,200.74,False
HIKAL,27.83246762170789,357.1,False
KRISHANA,27.92896780416668,277.35,False
DIVISLAB,28.025875161856774,4790.6,True
GILLANDERS,28.164116231223492,92.15,False
JKLAKSHMI,28.185960737319636,857.5,False
JBFIND,28.358218302889533,,False
SAMHI,28.375177247761247,184.09,False
AMBIKCO,28.389695481029303,1978.1,False
TEXMOPIPES,28.474284682716288,73.68,False
RBZJEWEL,28.57142857142857,135.0,False
ADANIENSOL,28.584522987969784,1051.95,False
ADVENZYMES,28.642802092037943,399.05,False
MMFL,28.712874528057096,624.0,False
HONAUT,28.745514046122132,54453.75,False
ASKAUTOLTD,28.797157702460407,399.4,False
GLS,28.86464905641677,850.7,False
SUNCLAY,28.966431249483215,1949.65,False
UTIAMC,28.990314796446885,1051.4,False
PAR,29.04102814503205,251.63,False
KAMOPAINTS,29.13929265313005,39.31,False
PASUPTAC,29.155843391810908,39.78,False
TCS,29.172192993640373,4387.85,True
FMNL,29.200000762939453,6.46,False
MAHSEAMLES,29.28713354733911,652.9,False
APOLLOTYRE,29.32331215244218,550.4,False
IONEXCHANG,29.36830123042744,717.8,False
WENDT,29.44628834999127,15099.65,False
NGLFINE,29.484735099969473,2651.2,False
PODDARMENT,29.48621494766307,429.7,False
AKASH,29.548866880762965,34.46,False
ZUARI,29.57931294269628,207.91,False
RCOM,29.600000381469727,1.62,False
SAKAR,29.745218299842357,328.45,False
MARUTI,29.836170260058235,12663.7,True
PTL,29.924128625337115,42.81,False
SHREEPUSHK,29.946262170749204,241.83,False
LLOYDSME,30.139011678024545,748.95,False
CELEBRITY,30.42145754026424,17.02,False
TCI,30.445429384276512,985.45,False
PONNIERODE,30.460272981007385,522.95,False
KEC,30.474423690580988,880.05,False
ZFCVINDIA,30.493437513910827,15630.7,False
CONTROLPR,30.51102877338946,867.05,False
SHAREINDIA,30.538868735959053,310.8,False
MASTEK,30.608698143971846,2781.9,False
ORIENTPPR,30.692580279675237,53.78,False
KHAICHEM,30.75217371291272,82.57,False
AURUM,30.813953488372093,168.75,False
SUPRAJIT,30.840781777930975,541.55,False
MAHICKRA,30.931678914135286,,False
BAJAJCON,31.086232442759908,275.15,False
WIPRO,31.21639499320975,524.8,True
JETFREIGHT,31.25000114624321,13.65,False
UBL,31.309220388330417,2037.0,False
ALKEM,31.31555027290101,5289.85,False
STOVEKRAFT,31.353476029112453,634.7,False
PALASHSECU,31.608592468116047,137.86,False
LAURUSLABS,31.628314766795697,449.05,False
GOKUL,31.645957718228225,42.39,False
TNPETRO,31.65823055219047,104.01,False
TREEHOUSE,31.69590617183426,22.52,False
WORTH,31.707068103423936,133.09,False
MRO-TEK,31.721248440570314,78.44,False
WSTCSTPAPR,31.746031746031743,622.5,False
GRINFRA,31.89847908852663,1709.8,False
LGBFORGE,31.91257047028132,12.07,False
PARADEEP,31.959253053566545,84.19,False
STEELCAS,31.971600752193307,641.25,False
ELIN,31.990573573215823,195.94,False
NRBBEARING,32.01525413325731,328.85,False
APEX,32.02826868099379,289.67,False
SANGAMIND,32.121400068115655,428.8,False
MUKANDLTD,32.124956906251285,181.87,False
NAGAFERT,32.134839695912895,11.76,False
SAREGAMA,32.242835549979894,544.95,False
LTTS,32.37156778639116,5214.05,False
NAHARPOLY,32.41257335060186,299.12,False
ACCELYA,32.434027973265344,1909.5,False
BCLIND,32.53883071861377,62.28,False
BALKRISIND,32.633793610871415,3280.1,False
ASIANHOTNR,32.66666387420854,202.98,False
RIIL,32.793621737361484,1275.35,False
MPHASIS,32.83062380529289,3029.8,False
SYMPHONY,32.93506252788838,1162.65,False
THYROCARE,32.99991588554674,777.85,False
HEIDELBERG,33.10011457979006,233.99,False
INDTERRAIN,33.10219608922521,72.94,False
SPENCERS,33.30096807511917,82.38,False
TIINDIA,33.30825317729536,4162.95,False
RMCL,33.33333333333333,,False
JIOFIN,33.34672641033454,331.9,False
KOTARISUG,33.378071396623795,59.62,False
TRIVENI,33.43108769761724,409.5,False
SOUTHBANK,33.4987599393927,26.9,False
UFLEX,33.5332901114649,567.65,False
INDIASHLTR,33.62400574158498,727.85,False
ANGELONE,33.71318940374165,2129.65,False
MUTHOOTFIN,33.88391909943474,1783.2,False
TIL,34.10734111873631,306.1,False
RITES,34.1274693607868,667.15,False
CIPLA,34.44876568772132,1575.0,True
DCW,34.48818392178506,59.78,False
COFORGE,34.51014761341488,6343.7,False
MURUDCERA,34.562431506818825,57.66,False
RICOAUTO,34.564555177666755,134.43,False
KINGFA,34.60114990389685,2799.3,False
RAMRAT,34.697055387400724,431.3,False
ACC,34.7152745345916,2614.15,False
EVERESTIND,34.79200394670613,1184.35,False
ARCHIDPLY,34.794918197131906,95.3,False
ALPA,34.83405241933264,93.44,False
ADROITINFO,34.85140541733218,17.27,False
HOVS,34.8818851813652,68.52,False
IGPL,34.896276086667086,637.25,False
RPPL,34.93442449404568,72.01,False
GICHSGFIN,34.935851154765516,257.66,False
METALFORGE,35.00000635782878,,False
ANDHRAPAP,35.02724566823554,569.95,False
SBILIFE,35.05205948105476,1750.95,True
SHREDIGCEM,35.179678393118984,109.09,False
BALKRISHNA,35.19859571685118,24.21,False
GOACARBON,35.289877651226696,750.25,False
MFSL,35.43321722258037,1108.25,False
ASHOKLEY,35.44805560742482,246.38,False
SHIVAMILLS,35.46171054196664,94.62,False
SCHAEFFLER,35.51885641480749,4180.35,False
MRF,35.61140049786372,138870.34,False
AFFLE,35.62274228866371,1460.25,False
TATASTEEL,35.68447321452112,162.55,True
COSMOFIRST,35.73102087446159,868.95,False
ATGL,35.75521363516692,888.45,False
DYCL,35.86222859121588,593.65,False
NAZARA,35.91861368307453,905.15,False
JTEKTINDIA,36.14046226856315,211.29,False
PFIZER,36.17499679642503,5243.35,False
ESABINDIA,36.20758916702116,6403.8,False
AKSHARCHEM,36.20797580005092,326.15,False
INOXINDIA,36.34767369987067,1281.6,False
RELCHEMQ,36.35946571543177,237.47,False
SUPERSPIN,36.36363833403787,9.0,False
JKCEMENT,36.38949028112371,4387.65,False
CENTENKA,36.66784555462067,575.85,False
EDELWEISS,36.7257487287989,65.56,False
3MINDIA,36.7680310891339,37926.8,False
DCMFINSERV,36.81817841923934,6.02,False
GFSTEELS,36.81817974926023,9.03,False
MHRIL,36.94332114218703,473.55,False
GUJGASLTD,37.26715084359722,648.45,False
DMART,37.317068882113794,5071.6,False
KPRMILL,37.38785426074335,865.2,False
GFLLIMITED,37.490967637183466,76.17,False
VIVIDHA,37.50000093132256,1.1,False
VISAKAIND,37.500001186162066,110.55,False
SOMATEX,37.69229664382327,34.01,False
MUKTAARTS,37.716977101451945,72.99,False
LIBAS,37.76119111932758,18.46,False
CARERATING,37.77146729244805,1018.2,False
HAVISHA,37.777782487280696,2.48,False
TVSSRICHAK,37.85153001207702,4355.35,False
HYBRIDFIN,37.90122901533955,11.17,False
ZOTA,37.914126211742435,576.55,False
SAFARI,37.915699616886144,2107.8,False
PEARLPOLY,37.960955703336694,31.8,False
HONASA,38.134080529649715,465.65,False
CEREBRAINT,38.208962574544955,9.26,False
ZEEMEDIA,38.274105158225694,13.62,False
LT,38.33170325120393,3679.9,True
LUMAXIND,38.35223880597015,2896.75,False
YATHARTH,38.460383869716594,462.25,False
DECCANCE,38.70261783871238,666.05,False
JMFINANCIL,38.70445465014695,102.78,False
DCXINDIA,38.71594515860828,392.15,False
RML,38.75029306434072,903.75,False
INFOMEDIA,38.77551139567801,6.8,False
VAKRANGEE,38.80125848905501,22.0,False
INFY,38.85378491033608,1878.9,True
AGROPHOS,38.90533083639948,46.95,False
ESSENTIA,38.92231991267462,3.89,False
GANGOTRI,38.94737568588477,1.32,False
GSFC,39.039766876265645,236.02,False
PATELENG,39.05637999546451,60.42,False
SJS,39.083835757820914,830.4,False
JAYSREETEA,39.08938219828467,123.72,False
MODIRUBBER,39.13228067228094,97.81,False
SURANASOL,39.18583962769635,39.32,False
POLYCAB,39.30014890448841,6548.5,False
ONELIFECAP,39.33332761128743,16.72,False
ROSSELLIND,39.37314200420264,609.2,False
PANAMAPET,39.40239855848402,424.55,False
EKC,39.42128282912234,163.82,False
DEN,39.522010275402906,55.46,False
INDOAMIN,39.528862158090355,151.04,False
ACI,39.63792282039066,732.75,False
MAHEPC,39.69556323265325,151.43,False
SONATSOFTW,39.74534816011659,738.1,False
LYPSAGEMS,39.78021685505052,6.36,False
KREBSBIO,39.83727945716631,94.53,False
HAVELLS,39.84788168199753,1838.65,False
SBIN,39.88322589937886,862.45,True
BIOFILCHEM,40.08611114327666,65.07,False
TCNSBRANDS,40.09806061925209,585.75,False
TECHM,40.117282498930955,1541.15,True
JAYAGROGN,40.22013103454308,305.75,False
GILLETTE,40.257366892043706,7787.65,False
NECLIFE,40.26142726187023,32.19,False
KOPRAN,40.48134590281281,259.75,False
RATNAMANI,40.633504786027935,3591.85,False
NUCLEUS,40.72756482524094,1522.25,False
JBMA,40.83435069203025,2025.55,False
ULTRACEMCO,40.83853412587096,11673.05,True
BANKINDIA,40.84956076292865,119.37,False
CANTABIL,40.85346763660041,278.58,False
ECLERX,40.87868900575838,2390.5,False
AIROLAM,40.96069570750767,129.12,False
DEEPENR,41.1391412207118,173.46,False
GOLDTECH,41.30495761303192,149.43,False
AROGRANITE,41.52777386545651,61.14,False
CREATIVE,41.53715246858613,742.15,False
MAHLOG,41.592805167293164,535.15,False
ERIS,41.68810999909935,1073.5,False
BLUECOAST,41.69230827918419,9.21,False
VSTTILLERS,41.72286226725576,4330.2,False
KRITINUT,41.75417458430401,114.75,False
STEELCITY,41.75664813213546,87.96,False
EXCELINDUS,41.78249051719924,1285.4,False
STARPAPER,41.79710498754529,244.6,False
MCDOWELL-N,41.97301841450141,1305.45,False
IEX,42.00964750419141,176.66,False
RESPONIND,42.11298221076683,290.55,False
UNICHEMLAB,42.15452806965219,539.05,False
FAZE3Q,42.25221419018496,537.5,False
MITTAL,42.28187060335741,2.12,False
MADRASFERT,42.396086810941185,116.48,False
NINSYS,42.42147345503856,483.6,False
GODREJCP,42.48265154343485,1467.5,False
TATACONSUM,42.77395939562665,1213.65,True
GATEWAY,42.809700302194166,111.82,False
INDOSTAR,42.82279482314219,249.44,False
DVL,42.92771739907365,390.55,False
TTL,42.93934101495858,114.28,False
VINDHYATEL,43.151621026183946,3000.1,False
NAGREEKCAP,43.236071371871354,27.0,False
SICALLOG,43.2695143397787,145.92,False
63MOONS,43.26981746537042,349.65,False
NKIND,43.269960366794976,56.52,False
NELCAST,43.32065372950725,150.63,False
TEAMLEASE,43.49387770682049,3414.15,False
OLECTRA,43.50895382324411,1707.9,False
SHAH,43.52941110472368,4.88,False
NEXTMEDIA,43.63637186826347,7.11,False
JUBLINGREA,43.69899559370424,598.65,False
RAMCOIND,43.717695285472765,247.41,False
FIEMIND,43.8051447268268,1328.4,False
DEEPINDS,44.186583869078014,307.55,False
UNIONBANK,44.26709806572065,132.87,False
AIRAN,44.439136643907766,30.26,False
GUFICBIO,44.54076115437952,350.15,False
GOKULAGRO,44.55003609043649,171.87,False
GENUSPAPER,44.573168512045896,23.71,False
WHIRLPOOL,44.671423521520445,2057.3,False
ICICIGI,44.89947113352139,1967.3,False
SHALBY,45.08941002063159,279.95,False
SWARAJENG,45.13995859062228,2963.25,False
SHANTIGEAR,45.21175154183844,649.75,False
NOCIL,45.37362015901596,310.3,False
NESCO,45.40256595785308,915.6,False
LATENTVIEW,45.41923207535724,542.85,False
DEEPAKNTR,45.569206963786286,2919.9,False
ARVINDFASN,45.664827809079185,488.05,False
VARDMNPOLY,45.68314095705732,8.69,False
AUSOMENT,45.75780688091184,95.69,False
CMSINFO,45.76226478703159,555.5,False
GANGESSECU,45.783968781688074,167.36,False
HUHTAMAKI,45.78571207252032,376.2,False
CONSOFINVT,45.87795048474504,194.82,False
MALLCOM,45.89447673042768,1501.4,False
JINDRILL,45.93358784718976,606.5,False
CARBORUNIV,46.032213005480514,1740.85,False
VHL,46.04171471160895,4067.7,False
REDTAPE,46.10711326825924,721.55,False
HCLTECH,46.359691351705735,1635.35,True
PILITA,46.521737192438735,13.48,False
SARDAEN,46.5487339802428,275.05,False
PNCINFRA,46.701879523716656,513.75,False
IBULHSGFIN,46.72389117193914,164.55,False
VADILALIND,46.8040816841755,4230.6,False
SHREYANIND,46.80427227872347,295.15,False
STARCEMENT,46.8487342204303,209.7,False
SHRIPISTON,46.926291966750675,1897.7,False
PLASTIBLEN,46.9678953626635,309.0,False
UMAEXPORTS,46.97472215899499,84.29,False
HMVL,46.98251322715722,100.83,False
SUTLEJTEX,46.99890378085668,67.84,False
YESBANK,47.31562353643351,24.97,False
JINDALSTEL,47.37041430365111,972.35,False
UNITEDTEA,47.51268828984243,435.9,False
AUTOIND,47.54312627432669,124.01,False
FDC,47.5896496435041,502.1,False
BIOCON,47.72499679623537,368.5,False
CONTI,47.73959868970321,,False
FEDERALBNK,47.87155267017425,198.0,False
HINDALCO,47.895433011244656,667.6,True
AGARIND,48.042400103257485,1187.3,False
PRIVISCL,48.12233023341567,1625.05,False
SHIVAMAUTO,48.19012144057193,40.53,False
SREEL,48.19361879242916,313.8,False
TCPLPACK,48.292401685909695,2520.6,False
INGERRAND,48.51485148514851,4237.5,False
MOKSH,48.595032854473246,17.98,False
TI,48.723281487880584,250.45,False
ALICON,48.96432066929374,1244.15,False
RAMCOSYS,49.011157589614534,380.5,False
SHREERAMA,49.0374315623959,27.87,False
SUPREMEIND,49.177293294940355,5439.75,False
CINELINE,49.271981565747296,128.15,False
INDLMETER,49.33333079020182,,False
MAHASTEEL,49.343801312713,104.69,False
TARMAT,49.56794134488063,95.2,False
CAPTRUST,49.7608136281409,147.14,False
JMA,49.846785187924304,107.59,False
RKFORGE,49.87529276595828,841.25,False
ICDSLTD,49.90215413198913,38.3,False
MANALIPETC,49.908534489806904,98.34,False
SEJALLTD,49.93506757727949,346.35,False
SANSERA,49.94047090604708,1385.45,False
KRSNAA,49.98384866279223,696.15,False
ORIENTCER,49.98588723453823,53.17,False
MARALOVER,50.03656042072414,82.07,False
CYBERTECH,50.17247871167859,195.9,False
SUNDARAM,50.232552362816726,3.23,False
HINDCOMPOS,50.304498428813545,555.3,False
GANECOS,50.3661412825428,1581.1,False
TDPOWERSYS,50.40416411080959,390.75,False
TRITURBINE,50.41997104147119,608.9,False
DONEAR,50.49973535914821,143.05,False
EICHERMOT,50.62051585355171,5012.5,True
VTL,50.802862286201936,558.8,False
KNRCON,50.85197671642266,367.4,False
SURYALAXMI,50.8536481464227,86.59,False
VETO,50.86731513777012,160.9,False
SAGARDEEP,50.878866413283774,31.76,False
CAPACITE,50.90691832767751,316.15,False
SUNPHARMA,51.04190261693722,1714.25,True
ADVANIHOTR,51.11834417118805,69.59,False
MOTISONS,51.173335270583046,156.54,False
BIKAJI,51.17578762417095,716.8,False
EMAMIREAL,51.22670354365228,97.39,False
FORTIS,51.61337926928439,509.8,False
SURYAROSNI,51.631219876955015,607.7,False
FILATEX,51.6433132681877,59.52,False
CROMPTON,51.86137847512427,442.6,False
WSI,51.93909276421126,169.64,False
GHCLTEXTIL,51.94602116788472,106.97,False
METROPOLIS,52.04442948172371,2121.4,False
RELIGARE,52.04726519225443,257.34,False
GEEKAYWIRE,52.10852745079334,93.06,False
RAJMET,52.17877291415706,13.62,False
NBIFIN,52.30970135074461,2280.0,False
AARTIIND,52.40198052634077,707.45,False
DHANI,52.526313380191205,57.96,False
AMBUJACEM,52.61812660679544,686.4,False
SIL,52.73109092170942,36.35,False
ABFRL,52.74241857841764,330.0,False
VMART,52.84407840438582,3403.15,False
RATNAVEER,52.918433489259634,197.8,False
MAGNUM,52.93841384454099,53.23,False
VSSL,53.064392482400905,295.95,False
ENDURANCE,53.13290013254315,2541.7,False
RADAAN,53.33333381498704,2.53,False
IMAGICAA,53.465908996494015,81.03,False
LIKHITHA,53.48630481642499,431.45,False
SUNTV,53.550303838386846,830.4,False
SPORTKING,53.57496599577912,1239.35,False
RELIABLE,53.639515344371624,88.65,False
ENERGYDEV,53.79710542982903,26.53,False
JBCHEPHARM,53.86561463033943,1884.7,False
CONCOR,54.05525071882787,1039.95,False
MGEL,54.08839117043024,27.89,False
FINCABLES,54.226148530072784,1561.0,False
ORTEL,54.44444694636787,1.39,False
RPSGVENT,54.65414898663592,724.4,False
VENUSREM,54.67096128872827,408.95,False
ARVEE,54.69280567044527,177.51,False
AAREYDRUGS,54.72221823222698,50.13,False
NIRAJ,54.82758614504328,49.39,False
ORIENTLTD,55.043131510416664,98.84,False
BGLOBAL,55.12195808415199,3.17,False
ANKITMETAL,55.18518456379247,4.19,False
GOLDIAM,55.244587871354824,193.59,False
HLVLTD,55.26501700101433,21.97,False
SRGHFL,55.54441412064889,387.85,False
UFO,55.55162457941556,131.83,False
NIITLTD,55.69249675320142,127.59,False
VERANDA,55.70758688038793,282.22,False
SADBHIN,55.73333740234375,5.84,False
MAZDA,55.896955730758705,1443.45,False
LAXMICOT,55.897433941180886,30.4,False
MIDHANI,56.01698422965655,495.9,False
DEEPAKFERT,56.06334841628959,862.25,False
ADSL,56.09705424024843,228.37,False
MINDACORP,56.398256110286795,484.6,False
BAJEL,56.57894736842105,297.5,False
CYIENTDLM,56.61519690967105,775.95,False
GRASIM,56.631304952103754,2843.3,True
UNIVAFOODS,56.66666510837527,7.99,False
EIDPARRY,56.839882010561425,780.2,False
HATHWAY,56.852459516681606,23.92,False
OILCOUNTUB,56.85436656174151,40.39,False
KMSUGAR,56.865679523572766,42.04,False
LUMAXTECH,56.96375960598803,575.9,False
WONDERLA,56.98145436999368,930.9,False
LINCOLN,56.98471778344629,652.35,False
HDIL,57.021285402877695,3.69,False
NETWORK18,57.101196460510515,91.59,False
SAKHTISUG,57.14860107465692,39.13,False
NAUKRI,57.24771432136411,7187.4,False
SHIVATEX,57.27459802921019,191.01,False
MAXHEALTH,57.30988984113651,948.5,False
JINDALSAW,57.33314948950567,578.75,False
INVENTURE,57.3684235292789,2.99,False
THANGAMAYL,57.52508361204013,1766.25,False
NORBTEAEXP,57.54602151629776,12.84,False
COMPUSOFT,57.595911346822334,30.81,False
MANAPPURAM,57.65358687694504,212.99,False
J&KBANK,57.68727805397727,108.41,False
MAANALU,57.84824469497889,139.38,False
CSLFINANCE,57.90985425133579,522.05,False
ARENTERP,57.98135939932499,50.87,False
COLPAL,58.109791326782144,3165.2,False
JSWHL,58.5228073824709,7114.9,False
GOENKA,58.6666742960612,1.19,False
SHRIRAMPPS,58.740743001302086,107.15,False
PDSL,58.7738236896151,554.2,False
IRCTC,58.86198941308515,984.15,False
ORIENTHOT,59.00000678168402,143.1,False
RALLIS,59.07192008954466,342.8,False
JKPAPER,59.09923291388359,521.05,False
FIBERWEB,59.20145852980872,43.86,False
PRITIKAUTO,59.21451115516645,26.35,False
SAIL,59.340539880701016,147.39,False
AJANTPHARM,59.487992913055635,2401.65,False
CORALFINAC,59.54285757882255,55.84,False
KKVAPOW,59.66721723559692,,False
ENIL,59.71260256327713,244.52,False
COFFEEDAY,59.879328990754274,53.0,False
AARTECH,59.922004019417464,205.02,False
SGIL,59.94897789471464,344.85,False
AARVEEDEN,59.95402719782687,34.79,False
POWERMECH,59.96890345338839,6275.1,False
BALAJITELE,59.97730406636344,70.47,False
SEPC,59.98863728309173,21.78,False
SOLARA,59.99740727218996,616.95,False
BIRLACABLE,60.065553190487286,293.0,False
MCLEODRUSS,60.16215762576541,29.63,False
MAPMYINDIA,60.22502573783841,2399.45,False
OBEROIRLTY,60.23339317773788,1785.0,False
MAHSCOOTER,60.32364948789562,9253.4,False
HPIL,60.380198045195634,160.3,False
VEDL,60.382467901486194,444.5,False
TORNTPHARM,60.38654128231676,3194.9,False
SUPRIYA,60.57970509025621,387.8,False
PKTEA,60.73412214006696,405.05,False
VGUARD,60.73968007768742,452.0,False
ARIHANTCAP,60.86870859283693,81.48,False
PUNJABCHEM,61.02042240428452,1376.0,False
ADANIGREEN,61.15975963752358,1803.7,False
SANDESH,61.20797902262659,1604.1,False
TPHQ,61.35265806202085,1.67,False
LEMONTREE,61.388437150266874,146.46,False
SHRIRAMFIN,61.45502500937098,2925.0,True
IPCALAB,61.61197894582544,1285.3,False
ZYDUSWELL,61.71951177505511,2384.15,False
INDSWFTLAB,61.80056493166845,141.98,False
MMP,61.95121951219512,332.0,False
NIBL,61.954550309614696,35.63,False
VPRPL,62.20316182642577,236.33,False
JUSTDIAL,62.268800551744185,1280.95,False
REFEX,62.42590401942024,249.34,False
DLF,62.43148630287657,829.7,False
DODLA,62.494819339056725,1177.6,False
JPOLYINVST,62.56634781069701,872.9,False
RACE,62.63650933172572,417.0,False
TERASOFT,62.684702206308195,78.17,False
BECTORFOOD,62.92088972533828,1412.85,False
RAJTV,63.06123843588757,71.91,False
AGSTRA,63.067373639171045,91.97,False
PPLPHARMA,63.320428966854216,166.51,False
THEMISMED,63.48923075062193,247.49,False
QUESS,63.595584183091425,711.15,False
COROMANDEL,63.64826462011178,1624.7,False
JISLJALEQS,63.7690537473374,75.17,False
IFGLEXPOR,63.78180435166432,624.5,False
TBZ,63.930564822939104,146.39,False
SEQUENT,64.00906264899136,144.82,False
KHADIM,64.13276231263383,383.25,False
MUNJALAU,64.15999348958333,92.34,False
VIKASLIFE,64.19355836048614,5.09,False
MAGADSUGAR,64.24988833282906,786.1,False
DATAPATTNS,64.39203815092249,3296.8,False
PANSARI,64.4119491054635,140.49,False
ALPHAGEO,64.44168433630686,463.15,False
BLS,64.50479174557758,351.3,False
CHOLAHLDNG,64.6858646321922,1524.25,False
FINPIPE,64.75770869369816,317.9,False
RAJVIR,64.7619140607704,7.26,False
KPITTECH,64.90298118923279,1788.95,False
PAVNAIND,65.0664936476428,477.95,False
DBCORP,65.10415885615475,364.55,False
CANBK,65.11021189382352,113.86,False
IMPAL,65.1449177978221,1287.8,False
SILGO,65.14970136477842,35.46,False
BRNL,65.3027864522428,50.5,False
KAMDHENU,65.42115239167563,513.55,False
INCREDIBLE,65.4770427333722,46.83,False
RANEHOLDIN,65.492888328016,1698.95,False
PETRONET,65.54789906583922,372.4,False
JAYNECOIND,65.74468231891923,46.74,False
TEJASNET,65.81114835560079,1298.55,False
AUROPHARMA,65.9026954010734,1386.2,False
ELECON,65.91240288145377,626.9,False
SUBROS,66.04195080555037,704.35,False
SUVIDHAA,66.05263215683175,6.31,False
RAJSREESUG,66.06986643145476,76.06,False
INTELLECT,66.68888531464361,1000.05,False
ABAN,66.86076876483385,65.91,False
JITFINFRA,66.89310158209986,884.45,False
OSWALGREEN,66.94323222303153,38.23,False
ZENSARTECH,67.10050531638228,808.85,False
PARSVNATH,67.60563068128815,11.9,False
MEGASOFT,67.60950639728061,66.96,False
STARTECK,67.6829268292683,275.0,False
INDNIPPON,67.69070520670063,802.4,False
NRAIL,67.72427914745776,459.9,False
EPIGRAL,67.73696059548033,1687.35,False
HDFCAMC,67.78453238135134,4105.1,False
VISASTEEL,67.8745610606081,24.09,False
INDHOTEL,68.07377048530519,647.0,False
NATCOPHARM,68.1237091969377,1334.65,False
SUNTECK,68.14384767256259,593.8,False
LFIC,68.24144328863808,209.04,False
MEDANTA,68.27869601370354,1203.95,False
NAGREEKEXP,68.5526701505245,38.79,False
LINDEINDIA,68.57351223087362,7940.15,False
SMARTLINK,68.7809004896131,290.05,False
GLAND,68.81670027674924,2016.6,False
SMSLIFE,69.02843030831669,870.75,False
BHARTIARTL,69.1783481104569,1514.4,True
CHEMBOND,69.27478635418247,680.4,False
HARRMALAYA,69.40921773752838,235.14,False
SAMBHAAV,69.8360626007465,5.18,False
KAYA,69.8433117988782,596.15,False
SUNDARMFIN,69.85232224197001,4416.5,False
PRECWIRE,69.87355544973913,161.21,False
SPCENET,69.88023678532963,28.37,False
MGL,69.89692776225654,1846.1,False
GODREJAGRO,69.97447926636677,832.45,False
RAMANEWS,70.0,21.25,False
MODISONLTD,70.1997876809748,153.35,False
SHK,70.29091944373201,196.09,False
REPCOHOME,70.56045396626173,541.7,False
ESCORTS,70.57418224169976,4145.55,False
AYMSYNTEX,70.58164216866426,121.71,False
ARIES,70.85336431552317,284.3,False
INDSWFTLTD,71.1023611699857,21.73,False
IVC,71.20878319336678,15.58,False
OSWALAGRO,71.42321778991877,45.77,False
TAINWALCHM,71.50316097861842,203.66,False
ICEMAKE,71.65048294184338,839.8,False
APLLTD,71.75232344254134,1216.35,False
SASKEN,71.75591446386902,1712.75,False
DCMNVL,72.252871489696,256.14,False
ABSLAMC,72.38978008114866,705.85,False
FCSSOFT,72.44444953070747,3.88,False
MARKSANS,72.46664200825367,200.32,False
ENGINERSIN,72.48731377564509,254.85,False
GMBREW,72.52570321861778,818.6,False
SHYAMMETL,72.5558693809592,691.0,False
CARTRADE,72.6620188263335,865.9,False
PRAJIND,72.8878450322161,699.85,False
UNIVASTU,72.97297297297297,176.0,False
AVONMORE,73.00177838527857,14.61,False
CAMS,73.06618436598791,4031.75,False
BHANDARI,73.10990570623117,7.43,False
CIGNITITEC,73.18357185676308,1364.6,False
BCONCEPTS,73.3850260060944,603.9,False
TEXINFRA,73.38822632176971,136.89,False
BPCL,73.39485183544825,328.8,True
SALASAR,73.56657605988296,17.86,False
TNTELE,73.71900657089465,10.51,False
TATAMOTORS,73.73000273743192,1118.3,True
KERNEX,73.82517367388604,554.85,False
GUJRAFFIA,74.04255497594103,49.08,False
KEEPLEARN,74.15427616818924,3.98,False
POLYMED,74.15538639649716,1994.95,False
SNOWMAN,74.32073646801433,85.33,False
KHAITANLTD,74.39364324298417,87.72,False
IL&FSENGG,74.40514795229568,27.12,False
DNAMEDIA,74.4262378634193,5.32,False
HEROMOTOCO,74.65691157415468,5478.9,True
KARURVYSYA,74.66248163840108,222.52,False
JYOTHYLAB,74.69341961527343,548.45,False
ISMTLTD,74.80550295286322,146.05,False
ASIANTILES,74.90152947654926,79.93,False
GESHIP,75.02927463707711,1345.1,False
FOSECOIND,75.2779602370137,4697.8,False
VIJAYA,75.39208716364769,794.0,False
AVANTIFEED,75.4547836343738,694.45,False
BFINVEST,75.53363016048762,657.9,False
TIIL,75.5776296884552,3013.0,False
ASAHISONG,75.68836191802295,411.55,False
KEI,75.84912167811633,4356.75,False
HGINFRA,75.87569133526469,1669.5,False
AMJLAND,75.9605927375432,53.58,False
ASALCBR,76.08193403686305,799.5,False
JKTYRE,76.18481489330466,444.25,False
INDIGO,76.22212013458972,4493.4,False
TGBHOTELS,76.31578947368422,16.75,False
SIGIND,76.44591976015744,79.93,False
KCPSUGIND,76.5156742184822,50.66,False
INDIACEM,76.7722008523865,374.05,False
INDIANB,77.00152578600647,581.45,False
TIRUMALCHM,77.26084720017977,339.1,False
LTFOODS,77.43526091730159,287.8,False
GREENPOWER,77.99475398803487,21.47,False
DPSCLTD,78.20408100984535,21.83,False
GLENMARK,78.39514401473564,1438.4,False
ABB,78.43344073426952,7851.25,False
AARTIPHARM,78.44612209892915,605.2,False
ALOKINDS,78.46666971842447,26.77,False
MANINFRA,78.55764584971175,212.93,False
WILLAMAGOR,78.66029107235796,37.34,False
VARROC,78.7986301845971,629.55,False
IOC,79.05680099791863,176.55,False
RVHL,79.11205620976673,42.36,False
IITL,79.12381126767113,188.08,False
CHALET,79.2167434364941,835.15,False
ASMS,79.42622731046562,21.89,False
CHAMBLFERT,79.70619886479486,495.45,False
SUMEETINDS,80.0,4.5,False
VASCONEQ,80.22831921561462,78.94,False
IDBI,80.31142317711092,104.22,False
LAL,80.47326127377649,22.97,False
CONCORDBIO,80.59504099059775,1702.65,False
VLSFINANCE,80.66025313097168,309.2,False
UNOMINDA,80.91641610984823,1042.35,False
LPDC,80.97560881055492,11.13,False
BEPL,80.98722949210295,155.83,False
GOKEX,80.9970074928207,965.8,False
REGENCERAM,81.0216043761846,46.07,False
NSIL,81.15448859914996,4468.9,False
CAPLIPOINT,81.40142807767963,1527.4,False
WELSPUNLIV,81.64015755382496,182.73,False
AMBER,81.64627420044577,4380.4,False
EIHAHOTELS,81.80310317519776,931.65,False
TEGA,81.93301896618172,1814.6,False
MPSLTD,81.93692080989591,2082.45,False
KRITI,81.99398605673214,211.75,False
INSECTICID,82.22065204635223,773.8,False
NITINSPIN,82.34666025573587,426.6,False
KIRLOSIND,82.52122620255989,5924.0,False
GRANULES,82.76532438520849,563.1,False
SANGHVIMOV,82.81431209174463,1103.65,False
RATEGAIN,83.0477882839607,812.0,False
POWERGRID,83.06077563099285,344.2,True
NOIDATOLL,83.08822735370671,12.45,False
GPPL,83.17671872969724,220.27,False
GODREJPROP,83.28109086899357,3128.7,False
GPIL,83.28790350274726,1042.45,False
EMAMILTD,83.43113519213749,797.1,False
CASTROLIND,83.45517914870689,266.01,False
ANUP,83.54497779218094,1803.1,False
VENUSPIPES,83.76041497789245,2273.3,False
MASKINVEST,83.87096774193549,99.75,False
ALBERTDAVD,84.13993029207876,1310.8,False
PARACABLES,84.21569869500887,75.16,False
PRICOLLTD,84.30427169092069,496.7,False
DOMS,84.34447494348247,2444.5,False
SIEMENS,84.36300119103144,6917.3,False
CGPOWER,84.56401162190626,732.35,False
SANDHAR,84.76148652070589,646.85,False
SPAL,84.76252627574695,859.7,False
RCF,84.82251187939664,213.47,False
BOSCHLTD,84.88080366007016,34917.05,False
TVSMOTOR,84.98302918396926,2508.0,False
PCBL,85.02385513960652,290.95,False
DYNAMATECH,85.2583493928155,7229.8,False
SKIL,85.33332824707031,6.95,False
POKARNA,85.64654597563364,724.3,False
ZYDUSLIFE,85.68899904974981,1206.05,False
SILINV,86.30312359036688,580.8,False
HONDAPOWER,86.30776080267144,3993.6,False
EMUDHRA,86.40139689202041,908.8,False
RPGLIFE,86.59638965054347,1920.45,False
FSL,86.64966010020123,256.27,False
ORIENTALTL,86.66666348775229,11.2,False
ALPSINDUS,86.66666578363487,3.36,False
KSCL,87.40943683934758,1060.55,False
RRKABEL,87.43863914921292,1756.3,False
MANOMAY,87.53383320973332,249.42,False
AVG,87.5886521995041,502.55,False
NDGL,87.64369251711555,3117.7,False
BHARATFORG,87.69076545645451,1684.9,False
BIGBLOC,87.76027731699486,274.13,False
GODREJIND,87.83712651436552,894.95,False
LUPIN,87.88403881155575,1840.7,False
MARATHON,87.89441029271968,619.3,False
LICI,87.91748918459936,1184.35,False
CREATIVEYE,87.94520422673672,6.86,False
IDEA,87.99999461454505,15.98,False
BANKA,88.19402438491139,126.09,False
HINDZINC,88.35830571051143,603.5,False
INDIAGLYCO,88.47823551336651,1150.0,False
RAMKY,88.53047465603886,762.7,False
ASTRAZEN,88.57398026874468,7172.6,False
SWSOLAR,88.60950456107395,686.35,False
ICIL,88.62999826649923,404.8,False
PANACHE,88.86112932972324,128.52,False
HESTERBIO,88.88235081768592,3212.7,False
RPOWER,89.01587592230904,29.77,False
KOTHARIPET,89.23076709895284,177.12,False
PNC,89.50067619500156,70.21,False
HFCL,89.61538461538461,123.25,False
UNIINFO,89.76303408359628,40.04,False
SUVENPHAR,89.78944992628246,928.45,False
GENSOL,89.82717054471239,966.6,False
AJMERA,89.95695855301385,728.2,False
SETCO,90.37037602177372,12.85,False
KECL,90.4500830929741,232.73,False
3PLAND,90.56410178160056,,False
BHAGYANGR,90.8168463849332,110.96,False
RTNINDIA,90.88417553421436,76.64,False
ASHIANA,91.013597435206,407.05,False
AJOONI,91.19358886614692,7.08,False
BALMLAWRIE,91.4381352555393,286.2,False
ACE,91.53640214791967,1390.65,False
SUNDRMBRAK,91.69215399141028,783.35,False
ELGIRUBCO,91.7314438795138,81.39,False
BSOFT,91.8929604562012,727.85,False
SOTL,91.9553033656724,601.3,False
PNB,92.22755451135014,119.95,False
KELLTONTEC,92.23739669301744,161.96,False
PARAS,92.61037536396482,1304.55,False
GREENPLY,92.61126871986276,324.55,False
JASH,92.66840286453127,2409.8,False
HITECH,92.83468009005274,153.4,False
LODHA,92.87873974573328,1403.0,False
AHLUCONT,92.90991399835868,1357.7,False
GLAXO,93.18538616124762,2707.3,False
SILVERTUC,93.29700664016396,762.75,False
MAXESTATES,93.30508673763464,547.15,False
BKMINDST,93.33333969116212,1.47,False
CUMMINSIND,93.3716355275643,3718.15,False
HINDNATGLS,93.44978155027466,22.15,False
PNBGILTS,93.48555350272837,127.12,False
SAMPANN,93.85043300514256,34.99,False
PATINTLOG,93.87324687626324,27.53,False
ONGC,93.91813222427814,331.6,True
GOODLUCK,94.13529666034536,938.45,False
VIJIFIN,94.13690613367156,2.38,False
360ONE,94.28850140487938,996.7,False
HINDPETRO,94.29823625565383,376.55,False
VOLTAS,94.81699027267156,1490.35,False
ISGEC,95.04726446121074,1413.8,False
BAGFILMS,95.05375287755837,9.07,False
SMLISUZU,95.10747898888036,2055.75,False
CYBERMEDIA,95.15923415213462,30.64,False
UCOBANK,95.35042526375534,57.14,False
DBSTOCKBRO,95.45081709956835,47.69,False
SUDARSCHEM,95.5493768008293,913.9,False
BAJAJ-AUTO,95.6895565991548,9492.9,True
MOTHERSON,95.71499440244962,196.4,False
ARIHANTSUP,95.8608900168044,340.7,False
DHARMAJ,95.95983684902856,331.76,False
SPLPETRO,96.07776748787924,872.35,False
NTPC,96.2366891713975,396.3,True
ORICONENT,96.24999925494193,43.96,False
SIKKO,96.36048796125854,113.3,False
AAATECH,96.61682699328271,105.19,False
MONARCH,96.90507897475813,613.95,False
EIHOTEL,97.2222307309879,422.45,False
ATULAUTO,97.2533511996144,721.75,False
SURAJEST,97.54857632076794,660.8,False
GMRINFRA,97.70324214372027,97.27,False
GAIL,97.80446175635078,230.64,False
CTE,97.8541385147558,118.02,False
KILITCH,97.90170172143738,358.4,False
JUBLPHARMA,98.03197701601404,724.5,False
RUCHINFRA,98.1707363168376,16.25,False
ALLSEC,98.6842148393888,1109.85,False
GANESHHOUC,98.87652468710829,929.35,False
IMFA,98.89422768081847,746.45,False
KOTHARIPRO,98.94434656723364,207.3,False
KARMAENG,99.03564134776693,94.94,False
MAHABANK,99.20589222627528,67.73,False
INTENTECH,99.21894926726064,155.59,False
PTC,99.3075909731633,224.52,False
M&M,99.5163741963571,2887.8,True
NATIONALUM,99.6838745553908,189.5,False
INDIANHUME,99.86411622173912,514.85,False
LICHSGFIN,99.9494599603206,791.3,False
MARKER100,100.0,,
PRIMESECU,100.06838627182115,263.29,False
MOREPENLAB,100.06873009450683,58.22,False
NECCLTD,100.1036293189342,38.62,False
JSL,100.60351292472664,764.5,False
VESUVIUS,100.7110440921148,5377.45,False
THEJO,100.78563985657055,3169.1,False
ARTEMISMED,100.8979641661352,246.1,False
ARROWGREEN,100.9018891382853,646.0,False
CREST,101.12458116558707,456.05,False
TATAPOWER,101.31282231516109,444.7,False
UMANGDAIRY,101.3142151300351,133.27,False
THERMAX,101.38456117201464,5068.95,False
DHUNINV,101.44389839218326,1437.0,False
LIBERTSHOE,101.460478458726,469.0,False
SHILPAMED,101.6512687194674,665.55,False
RHL,101.8200392198205,198.49,False
BBTC,102.05576568962672,2290.1,False
PERSISTENT,102.22865239094732,4772.95,False
MAXIND,102.2857181609623,318.6,False
DGCONTENT,102.65822829888468,32.02,False
IBREALEST,102.8678734322367,,False
QUINTEGRA,102.99999713897704,2.03,False
DIGISPICE,103.03739036198894,43.45,False
AMNPLST,103.34375381469728,325.35,False
RADHIKAJWE,103.37701226677872,69.86,False
KFINTECH,103.4265426240854,774.75,False
CENTRUM,103.51544753105716,42.84,False
ZAGGLE,103.85221051519876,322.8,False
MOHITIND,104.32234556099876,27.89,False
ALEMBICLTD,104.33591984367688,156.93,False
GICRE,104.53413365315716,410.5,False
GAYAHWS,104.61539872299338,1.33,False
INDBANK,105.00907842588556,56.48,False
GULFPETRO,105.3061270167657,80.48,False
DCMSRIND,105.5091458930659,218.97,False
BPL,105.63938900609716,129.45,False
BVCL,105.6571524483817,71.98,False
PSB,105.8345938087406,68.44,False
CDSL,105.93359412122784,2446.8,False
GTL,105.9853993156238,14.11,False
DHANBANK,106.02871846520672,43.06,False
ADANIPORTS,106.04340567612688,1542.75,True
NFL,106.22096830273952,146.52,False
BLAL,106.61366861461646,324.9,False
DBL,106.82771264199675,518.0,False
KIRLPNU,106.86573244749852,1354.35,False
WELCORP,107.0384138980084,644.2,False
HERITGFOOD,107.08014543921308,565.95,False
BOMDYEING,107.21034921276478,232.49,False
AGRITECH,107.27720789351258,252.36,False
TIPSINDLTD,107.58008958032724,618.9,False
UNIVCABLES,107.61295792381163,875.4,False
BYKE,107.748966492908,76.14,False
ORISSAMINE,107.9973886458706,7837.55,False
SYNCOMF,108.08218059586356,15.19,False
AHL,108.27432471751048,558.8,False
GENUSPOWER,108.43786706131893,365.6,False
MANORAMA,108.49215224902014,705.6,False
SHYAMTEL,108.69564376090722,14.4,False
HERCULES,108.7626343124739,630.15,False
NAM-INDIA,108.92055557239028,652.25,False
INFIBEAM,109.06667073567708,31.36,False
VBL,109.4372681256805,1676.65,False
TALBROAUTO,109.63625708630327,361.35,False
JCHAC,109.79084327797275,2201.65,False
CENTRALBK,110.7717526998848,64.18,False
DLINKINDIA,111.06255046713753,627.7,False
OPTIEMUS,111.27891699031288,447.7,False
KALYANIFRG,111.39122315592904,566.0,False
HEMIPROP,111.57691662128155,220.04,False
GIPCL,111.61290992032838,242.72,False
JAICORPLTD,111.6450010255908,374.4,False
FACT,111.74625347225545,1013.1,False
SANDUMA,111.8221700716221,563.8,False
LLOYDSENGG,111.86239577460071,89.3,False
ROTO,111.92164155571491,687.05,False
POLICYBZR,112.03847399163348,1498.9,False
PRUDENT,112.08904001293008,2357.9,False
WELINV,112.13971302695616,798.6,False
DJML,112.2280940565054,321.95,False
YUKEN,112.32702189151082,1327.15,False
NMDC,112.61141670244504,238.55,False
NHPC,112.6422787078256,104.62,False
SONAMLTD,112.74472089082045,55.42,False
KAUSHALYA,113.34376017252605,1024.05,False
KDDL,113.38221986735586,3389.15,False
PENINLAND,113.51351318569183,67.15,False
PHOENIXLTD,113.8386711261664,3536.25,False
GEECEE,114.5780763163582,382.7,False
ALMONDZ,114.60059317099316,30.67,False
SARLAPOLY,114.68328031313632,103.37,False
IFBIND,114.74242779132491,1840.45,False
APOLLO,115.41480732783955,120.74,False
PRAKASHSTL,115.95505772087256,9.61,False
SBC,116.81819130894908,28.62,False
EMIL,116.944580078125,225.08,False
TFCILTD,116.95601115481038,187.45,False
RKEC,117.09487898505353,129.28,False
SKIPPER,117.18348219487976,360.6,False
PREMIERPOL,117.23967315015294,221.15,False
SMCGLOBAL,117.56700863133592,158.28,False
SAKUMA,117.62238058847308,31.12,False
BURNPUR,117.64705882352942,9.25,False
SEAMECLTD,117.68318231757566,1577.55,False
SELAN,117.8430121382758,771.6,False
PREMIER,117.91665880216524,5.23,False
NUVAMA,118.3062200956938,5703.25,False
CESC,118.4293214003214,166.88,False
BASF,118.50636123880246,5793.15,False
BFUTILITIE,118.52299524477527,812.25,False
JSWINFRA,118.53146429176668,343.75,False
SUMMITSEC,118.76650744732068,1864.0,False
BRIGADE,119.35314612176666,1251.3,False
DHANUKA,119.40880015706286,1692.3,False
EXIDEIND,119.65489353166572,553.75,False
INSPIRISYS,119.69592301387138,158.95,False
URJA,119.69850280797188,21.86,False
BLUESTARCO,119.74991984610452,1713.5,False
EMKAY,119.94904925109476,172.66,False
SIGACHI,120.21067601698633,66.9,False
NDRAUTO,120.52164532897476,993.45,False
PENIND,120.9219478693356,179.72,False
CHOICEIN,121.11251916194716,388.55,False
APARINDS,121.50534542722204,8200.35,False
WINDLAS,121.56980856278462,728.3,False
20MICRONS,121.660941556604,257.57,False
KCP,121.8284785871092,254.77,False
PRAKASH,122.11628403774527,191.02,False
COALINDIA,122.59331993473327,509.85,True
GMDCLTD,123.23904225584307,402.5,False
PAKKA,123.59640714496204,274.8,False
DRCSYSTEMS,123.95635694732508,27.36,False
ETHOSLTD,124.50515265492182,3311.9,False
KSB,124.69982086033887,1001.15,False
STYRENIX,124.78054618840572,2675.9,False
TARAPUR,125.28300284320892,11.94,False
MELSTAR,125.64102501402084,4.4,False
INDOWIND,125.96078012503833,28.81,False
KPIL,126.17980259619505,1361.15,False
BANCOINDIA,126.31342764304743,760.3,False
MITCON,126.4180655285938,140.5,False
LOKESHMACH,126.85501660778311,429.55,False
MSTCLTD,127.65678607089455,951.15,False
GABRIEL,128.47985986506592,499.0,False
KSL,128.63279866003387,904.7,False
ANIKINDS,129.0553679064184,70.32,False
ALANKIT,129.14798306000657,25.55,False
THEINVEST,129.2666929264376,176.65,False
KAYNES,129.8637102706166,4249.95,False
ORIENTCEM,129.8937084411178,335.3,False
TFL,130.4147384427422,25.0,False
WELENT,130.7307639363721,530.45,False
ASHAPURMIN,130.7831823511509,381.6,False
STAR,131.39297295264723,1021.6,False
TIMESGTY,131.39556206597223,130.16,False
BIL,132.47484901022597,473.9,False
BAJAJHIND,132.95699431394775,43.33,False
HITECHGEAR,133.44163602895603,934.0,False
MSPL,134.23727917691767,27.64,False
SUVEN,134.3264725608396,147.86,False
CENTURYTEX,134.87139975957365,2346.6,False
SOFTTECH,135.0906663141466,350.05,False
BDL,135.70146301042053,1412.5,False
URAVI,135.99676375743303,584.8,False
TITAGARH,136.55386208124645,1611.05,False
IL&FSTRANS,136.8421131884295,6.75,False
TPLPLASTEH,136.93587557091342,99.75,False
GEOJITFSL,137.18162211116328,113.61,False
AAKASH,137.2649630891354,13.88,False
AZAD,137.34317343173433,1608.0,False
ARVSMART,137.69059594166356,802.8,False
AEGISCHEM,137.95189271329946,791.15,False
KIOCL,137.96151785829767,457.6,False
NIACL,138.73160251377942,291.73,False
TIDEWATER,139.0748463211121,2628.15,False
DCI,139.1770358290969,374.91,False
BBOX,139.3995723160807,450.55,False
JSWENERGY,139.6510029095042,693.55,False
GENESYS,139.8851477581522,731.05,False
ASTRAMICRO,140.26620125239415,893.55,False
HINDMOTORS,141.22742907727434,33.41,False
FLEXITUFF,141.6698268815125,63.68,False
NCC,141.8338046870713,337.6,False
DSSL,142.78612092928816,1342.85,False
KRIDHANINF,143.4999942779541,4.87,False
BEL,143.5363409795555,309.9,False
NAVKARCORP,143.58553941106217,148.1,False
CHEMFAB,143.624996609158,877.05,False
INDRAMEDCO,144.3603515625,271.24,False
LAGNAM,144.69401933504778,157.95,False
ZENTEC,144.83941386749123,1532.45,False
INOXGREEN,145.10116776047053,169.61,False
NLCINDIA,145.66793345657155,287.8,False
EXCEL,145.71429398595083,0.86,False
ZUARIIND,145.8413259740999,384.25,False
CHENNPETRO,146.20502849686108,999.1,False
TORNTPOWER,146.31753906399754,1556.85,False
SMSPHARMA,147.1466400671279,279.77,False
USK,147.3154323325812,73.7,False
TIMETECHNO,147.86920718205718,337.35,False
BLKASHYAP,148.1542078919136,106.21,False
ASIANENE,148.1959856807298,326.75,False
VASWANI,148.20512720192053,53.24,False
ORCHPHARMA,148.4743379859943,1433.2,False
SENCO,148.5785088588933,953.05,False
BEML,148.77913429522752,4483.0,False
IZMO,148.95242041170823,505.0,False
JKIL,149.10937458865513,846.1,False
ITDC,149.28121916767165,832.35,False
GODFRYPHLP,149.6330064573922,4302.55,False
HINDCOPPER,150.01980981489086,315.4,False
GRAVITA,150.1104492802417,1698.5,False
NILASPACES,150.1449273960151,8.63,False
HIRECT,150.65478774270852,717.75,False
INDUSTOWER,152.75568528608844,444.85,False
NEULANDLAB,153.8085197792001,8376.95,False
ASAL,154.22222222222223,1001.0,False
BBL,154.4595769436608,4768.0,False
HAL,154.63086541530458,4905.4,False
IOB,155.03788940889024,67.33,False
SJVN,155.1421232677545,148.11,False
MAZDOCK,155.40308808398288,4858.15,False
PILANIINVS,155.43956343148972,5102.15,False
JINDALPHOT,156.54046753201558,863.9,False
GLOBE,157.23562693091267,5.9,False
GULFOILLUB,157.4292140698713,1245.7,False
PAISALO,157.63402738261695,69.69,False
PCJEWELLER,158.07518062734962,85.81,False
SWELECTES,158.36103360388577,1243.75,False
PITTIENG,158.61176265494382,1199.7,False
TATAINVEST,158.64114762813426,6343.95,False
PFS,158.65739789437546,55.87,False
ROLTA,158.8571548461914,4.53,False
NEWGEN,159.58088407988012,1077.65,False
WABAG,160.34799892007007,1346.65,False
NAVA,160.41606199297945,888.8,False
PVP,160.5050697906598,25.79,False
MRPL,160.93504415830637,214.88,False
NDL,160.9424039642493,49.84,False
TECHIN,161.2500103161889,27.17,False
GVKPIL,161.9607824804415,6.68,False
CORDSCABLE,162.04341767806295,247.5,False
ARE&M,162.11979646950024,1680.45,False
NETWEB,162.30227767589608,2388.0,False
BHAGCHEM,162.6309254205463,357.27,False
SABEVENTS,163.01370220932367,9.6,False
DHRUV,163.05980007739157,129.82,False
IRB,163.46456367709789,66.92,False
NILAINFRA,163.6893140239287,13.58,False
ZOMATO,164.41436514005125,224.62,False
SALZERELEC,164.6336136498782,904.65,False
CAREERP,165.3804281483526,488.3,False
DBREALTY,165.8127433109607,204.41,False
PFC,165.91179775162473,538.95,False
SURANAT&P,166.28272039038532,25.43,False
MOIL,166.42434471223788,494.75,False
TREJHARA,167.65253996395072,186.42,False
SUNDARMHLD,167.85355663712195,267.05,False
TCLCONS,168.3008234007759,48.16,False
ASHOKA,168.60488514342407,263.77,False
STEL,168.70851430315815,445.25,False
PPL,169.31572719061862,499.85,False
SUMIT,170.39866564172556,81.39,False
JWL,170.55469929547286,617.0,False
LCCINFOTEC,170.73172291852725,5.55,False
PIGL,171.12313460533267,100.18,False
RKDL,171.30045771236874,30.25,False
GLFL,172.0689519662215,7.89,False
STCINDIA,172.18305715742437,220.06,False
A2ZINFRA,172.3943720051184,19.34,False
TRF,172.4047306176084,518.25,False
ONEPOINT,172.86573045793335,68.08,False
KAPSTON,173.44079926543952,390.2,False
ZENITHSTL,174.5454534195108,10.57,False
IRIS,174.9735482556807,286.11,False
ANANTRAJ,175.79568356436533,537.25,False
DIXON,175.80249912028256,11272.6,False
CENTEXT,176.1165049262833,28.44,False
VOLTAMP,177.2838239446754,12221.7,False
UMESLTD,177.64703869407208,9.44,False
BIRLAMONEY,178.0451259895427,166.41,False
MDL,179.30175626385682,,False
CUBEXTUB,179.48529635196192,114.03,False
ADANIPOWER,181.67985154706028,712.65,False
SCHNEIDER,182.08531264498416,796.75,False
GOLDSTAR,182.11008747883625,,False
ITDCEM,182.1488644753952,504.2,False
SOBHA,182.30449672399823,1799.55,False
GRWRHITECH,182.3901888945177,2452.7,False
AWHCL,183.12980110031947,881.1,False
ITI,183.52506531681507,308.05,False
IRCON,183.67768331235513,274.6,False
SHRADHA,183.81375683071897,128.0,False
POWERINDIA,183.89919137984015,11547.6,False
SCI,184.11643468969524,278.15,False
TARC,184.33935758377183,204.44,False
ARVIND,184.5672101605663,386.3,False
SADBHAV,184.76190112885976,29.9,False
SOLARINDS,185.55284178717636,10966.8,False
HCC,186.1498596398433,55.37,False
SARVESHWAR,187.35869563219828,9.32,False
OMAXAUTO,187.77044695618747,152.95,False
TEXRAIL,187.83474667337245,275.17,False
ZEELEARN,188.4745793669979,8.51,False
NITIRAJ,189.57688512375955,280.6,False
RAILTEL,190.2183809853663,485.1,False
KIRLOSENG,191.89642344379195,1217.5,False
HBSL,191.95736114612433,150.65,False
OFSS,192.0957498979681,11093.65,False
SHARDAMOTR,192.51781328515165,2441.5,False
KIRLOSBROS,194.59672986698484,2240.85,False
HINDCON,195.0394635167961,52.34,False
JYOTISTRUC,195.48385998543648,27.48,False
ZENITHEXPO,196.03523189363213,302.4,False
PDMJEPAPER,196.73078598355465,123.44,False
BEDMUTHA,196.8812229307102,223.7,False
POCL,198.109756097561,1222.25,False
AURIONPRO,198.57114995484372,1609.0,False
VLEGOV,199.28813869670284,88.29,False
KEYFINSERV,199.54715383800743,284.42,False
IIFLSEC,199.844855159874,193.25,False
EMSLIMITED,201.10754061133065,842.8,False
PGEL,202.69381585510456,441.6,False
MICEL,203.21754716085056,82.93,False
ROLLT,203.33333002196431,3.64,False
MODTHREAD,203.85488579695604,,False
WEALTH,204.03037683511252,920.3,False
MINDTECK,204.04332570650948,421.1,False
PGIL,204.48857523866616,973.45,False
WINDMACHIN,204.4969372287076,174.02,False
THOMASCOOK,204.5848438723796,253.11,False
ATLANTAA,204.77817534822785,44.65,False
MBLINFRA,205.01192934998835,63.9,False
HSCL,205.45716477042996,422.6,False
BHEL,206.57003651494568,317.3,False
JUBLINDS,206.8006676937062,1533.85,False
KESORAMIND,207.1571350097656,215.01,False
PRECOT,208.24054260896852,484.4,False
SHAILY,208.5609077743582,855.3,False
IWEL,209.17959278057,8258.65,False
HPL,209.75925793382007,598.3,False
ANTGRAPHIC,209.99999006589292,1.86,False
VERTOZ,210.2443219074273,34.6,False
TVSHLTD,210.53213657663883,13424.95,False
OIL,211.41455410421432,560.65,False
HMT,211.78832662245935,85.43,False
OMAXE,212.20338607717957,147.36,False
MANGLMCEM,213.4612141120707,947.75,False
TRENT,215.5759014403589,5393.35,False
REMSONSIND,216.03615290792752,188.8,False
TIJARIA,216.296289297452,17.08,False
MMTC,217.91668019597552,106.82,False
BSE,218.3325847327718,2447.5,False
INOXWIND,220.41411994485296,170.22,False
HECPROJECT,221.06892219187037,114.14,False
KALYANKJIL,223.16448358290617,567.8,False
GEPIL,223.44977529188617,513.8,False
SOMICONVEY,223.75601832793672,201.7,False
SWANENERGY,227.28696686470897,731.65,False
MADHUCON,227.50002521735064,17.03,False
JPPOWER,227.66666412353516,19.66,False
RPPINFRA,228.38870421262337,197.69,False
SIGNATURE,228.8627281963529,1508.0,False
RECLTD,232.57175056500895,625.9,False
ANANDRATHI,235.483270002708,3693.0,False
PRESTIGE,235.88898656700965,1833.45,False
TVVISION,238.07693401031983,8.79,False
FELIX,239.414395876553,,False
RTNPOWER,244.28572471218257,16.87,False
KPIGREEN,244.35994101361388,965.7,False
KICL,245.84344718049985,6265.3,False
SUZLON,246.72267824653437,61.89,False
DREDGECORP,246.9661435837077,1255.15,False
TIRUPATIFL,247.49999046325684,27.8,False
ASHIMASYN,248.00000460642687,46.11,False
VIPULLTD,248.2889776857609,45.8,False
MANINDS,251.8992228978019,467.85,False
TECHNOE,252.44806468413813,1688.05,False
21STCENMGM,255.40910200639203,78.19,False
THOMASCOTT,258.2699046415441,258.85,False
PTCIL,259.53794412553293,13990.7,False
CCHHL,259.8550663843699,24.83,False
PRAENG,262.07791345641044,41.82,False
SUPREMEENG,264.0000104904175,1.82,False
GRSE,264.14875522035635,2212.75,False
WOCKPHARMA,266.95332805306845,853.35,False
GLOBALVECT,267.45431700732513,281.47,False
SUPREMEINF,267.4944813762413,82.87,False
QUICKHEAL,270.50648437298247,599.85,False
MANAKCOAT,272.9275468466939,64.33,False
WALCHANNAG,273.2542614832425,361.87,False
HBLPOWER,277.3681059296586,629.45,False
KRITIKA,278.05823209339934,19.47,False
PREMEXPLN,278.14658663821643,716.55,False
ELECTCAST,278.68706624112207,210.55,False
MARINE,279.4013612994258,247.18,False
NITCO,279.46808102660816,71.34,False
WANBURY,288.3776417478237,211.86,False
PASHUPATI,292.61682813412676,,False
GALLANTT,293.0133659941861,323.45,False
GTLINFRA,294.6666717529297,2.96,False
KAVVERITEL,295.94937100049066,31.28,False
GKWLIMITED,299.6309407552083,3356.9,False
OMINFRAL,301.6438583596144,205.24,False
NBCC,308.2339281227156,174.52,False
RVNL,311.4338738070298,552.35,False
GRPLTD,313.29838243914213,14983.1,False
IREDA,330.0499979654948,258.03,False
TCIFINANCE,339.3333435058594,13.18,False
PURVA,341.2493869439081,445.0,False
EIMCOELECO,346.6035415099267,3372.75,False
INDOTECH,348.33606110201856,2054.5,False
HUBTOWN,355.1496404539623,220.52,False
GPTINFRA,358.4118332623105,170.3,False
GMRP&UI,369.68674257577186,97.46,False
SIMPLEXINF,379.8703126598796,148.04,False
DPABHUSHAN,387.3951075592435,1306.95,False
HUDCO,392.94117647058823,314.25,False
PARASPETRO,394.1176107598021,4.2,False
MTNL,397.84616323617786,97.08,False
WEL,399.0054874654951,1229.3,False
ESSARSHPNG,413.2432366021221,56.97,False
BLUECHIP,413.91304086421974,5.91,False
CROWN,416.3380510930164,274.95,False
S&SPOWER,416.6174531254261,349.75,False
IRFC,426.37018787138567,183.44,False
SPMLINFRA,451.1821688214135,198.15,False
ZODIAC,457.2979561750639,693.0,False
MACPOWER,462.3430192652912,1634.45,False
SBGLP,471.31548433997966,122.69,False
GET&D,536.4448011434183,1568.2,False
E2E,539.4563885336298,1752.75,False
IFCI,558.3399311514972,83.28,False
WEBELSOLAR,558.5835832374291,581.2,False
SHAKTIPUMP,559.3696856869032,4424.7,False
V2RETAIL,562.8404669260701,851.75,False
DIACABS,563.9486929086538,1294.7,False
JAIBALAJI,578.6583243700364,920.6,False
RSSOFTWARE,611.7766283770478,280.44,False
COCHINSHIP,624.5926254903827,2467.6,False
SKYGOLD,715.8156374667553,2300.6,False
TRIL,741.3067403459436,759.7,False
UNITECH,760.7407170624077,11.62,False
LGHL,846.4401806388803,292.45,False
ELECTHERM,921.8139182047488,861.9,False
SPYL,1273.3333315672696,6.18,False
DOLPHIN,1956.5790133297949,625.2,False
WINSOME,2506.6666203075,3.91,False
ABHISHEK,3900.0,,False
INNOVATIVE,6769.301283381899,,False
TATACOFFEE,,,
