Company_Name,Return
SEMAC,-42.86778647922804
TIJARIA,-33.18435650213719
JPASSOCIAT,-32.56250023841858
OSIAHYPER,-27.06451416015625
KEEPLEARN,-25.19480036933206
FSC,-24.42307286713941
BRNL,-23.981190313514904
GLFL,-23.913041900822225
SANOFI,-23.38492640587927
SECURCRED,-23.171520827846106
AJOONI,-22.461539048414963
KANANIIND,-21.81818012926622
XELPMOC,-21.7394279807044
ASMS,-21.645021287579205
ALPSINDUS,-21.53846492428743
SUULD,-20.621121551771424
DBSTOCKBRO,-20.59982340598932
GLOBAL,-20.36482415961027
VIJIFIN,-20.32257727107932
SUPREMEINF,-20.07424339064313
DOLPHIN,-19.63920254600131
DIVGIITTS,-19.57995411575342
ROLTA,-18.823528091800213
SICALLOG,-18.71730198169392
RADAAN,-18.695650280986666
BAFNAPH,-18.53143225859496
SMLT,-18.23529364099324
RAJTV,-18.218184037642047
EDELWEISS,-18.090153556266102
SANGINITA,-17.857143161248192
IRMENERGY,-17.148160829978888
HINDCOPPER,-17.048725750605133
TRU,-16.92682902018229
NTL,-16.923075455885666
TEAMLEASE,-16.82098053442531
MOKSH,-16.666662882244605
LATTEYS,-16.569768924723384
KOLTEPATIL,-16.232649181135788
IL&FSENGG,-16.064257274217987
SECURKLOUD,-16.06229387799232
KAMATHOTEL,-15.831372908894403
NARMADA,-15.77002091347037
SARDAEN,-15.714013631602189
JINDRILL,-15.613701939612527
SUMEETINDS,-15.600004196166992
WELCORP,-15.458340191684496
EDUCOMP,-15.454545388865403
CONSOFINVT,-15.320086952866308
MAHSEAMLES,-15.229619920631285
MDL,-15.086726428925
PODDARHOUS,-14.918104856943318
BGRENERGY,-14.735656073422753
GTECJAINX,-14.717953021709734
SADBHIN,-14.492753422878742
BTML,-14.434254160790536
CUBEXTUB,-14.326513674009815
HITECHGEAR,-13.914961393616435
PEARLPOLY,-13.838118388086192
WEL,-13.77972867301143
EXXARO,-13.75515779938184
ALLCARGO,-13.736807483485396
BCONCEPTS,-13.724854839333965
LINDEINDIA,-13.713915177995617
BINANIIND,-13.602153950308644
BALMLAWRIE,-13.51307626400614
BOHRAIND,-13.44827411250501
MRO-TEK,-13.380665856531389
VAIBHAVGBL,-13.232389730085584
IPCALAB,-13.049461198180476
SUNDRMBRAK,-12.97137767380634
HILTON,-12.966680955573832
PRAKASHSTL,-12.871288531037568
REPRO,-12.772912679911672
PRITI,-12.7599686941056
VARDMNPOLY,-12.727274829034272
BAIDFIN,-12.69405857406788
SIGACHI,-12.546848504268118
VIVIDHA,-12.5000074505803
COUNCODOS,-12.500002793967685
COMPUSOFT,-12.470234574374
DHRUV,-12.302579115804567
LOYALTEX,-12.153018926236166
MONTECARLO,-11.942061884202069
GATECH,-11.851849170051697
ICDSLTD,-11.83979837773676
STARCEMENT,-11.836568425210674
MSTCLTD,-11.737392690261483
MANAKSTEEL,-11.706516257528602
CMICABLES,-11.666668579902144
ZODIAC,-11.634980988593156
NSLNISP,-11.583716088033311
BANKA,-11.49951110957252
PAR,-11.492984819421274
SDBL,-11.489363006888038
MCL,-11.411337648189942
BEARDSELL,-11.396399097738213
FELIX,-11.323457519349422
VASWANI,-11.23655972969794
MKPL,-11.231885284867698
DOLLAR,-11.010385849801905
AAATECH,-10.968000433106036
SJVN,-10.94160791285918
CENTUM,-10.898901295879156
MEGASOFT,-10.860488309121196
SAIL,-10.84600114718784
GEEKAYWIRE,-10.779928772610466
MODISONLTD,-10.734583694150098
DPABHUSHAN,-10.707125458592786
RUCHINFRA,-10.579710275128818
DPWIRES,-10.577114618057822
MALUPAPER,-10.539214013402864
ESTER,-10.463211468527517
MTARTECH,-10.45798389031737
MANAKSIA,-10.389493715735536
HINDZINC,-10.353433328456338
RAMCOSYS,-10.203540103961943
NDRAUTO,-10.198543262528778
HEG,-10.078057133156236
PTC,-10.026280807564884
GSS,-10.004701027087972
MAGNUM,-9.856779485296736
INNOVATIVE,-9.848486435752733
DIAMINESQ,-9.79416790065993
DCAL,-9.77686476376506
MONARCH,-9.72846745286111
YATRA,-9.709492322965476
JAIPURKURT,-9.702795739570089
YAARI,-9.652170927628228
INDTERRAIN,-9.531795113818191
INSPIRISYS,-9.477215590808605
LAL,-9.469547250157946
BKMINDST,-9.444442310450931
SEYAIND,-9.382240698711156
ARCHIDPLY,-9.368191721132897
TECHIN,-9.362962510850696
SAKAR,-9.332947804739067
GOYALALUM,-9.268290822098894
IRCTC,-9.255529247084834
KALAMANDIR,-8.993895350391528
WIPL,-8.961749372489452
AKASH,-8.85599133350105
VIRINCHI,-8.8212914447027
IRISDOREME,-8.819951665649105
HINDMOTORS,-8.79377290983035
ATL,-8.781358025408755
HEADSUP,-8.745244501070218
DYNAMATECH,-8.697737084693836
INDOTHAI,-8.695654264100895
CELEBRITY,-8.661794868034674
SALASAR,-8.624710096356226
SMLISUZU,-8.584570654853199
UJJIVANSFB,-8.495738871152732
APLLTD,-8.49125757164
RAMANEWS,-8.423533720128676
AARON,-8.40630472854641
ASTRON,-8.333334765276703
DSSL,-8.328529198175254
RAJMET,-8.255321421521774
AAREYDRUGS,-8.23647391718025
LEXUS,-8.193618727344885
POONAWALLA,-8.176169300999405
SELMC,-8.146019951768245
WSI,-8.144160683593777
EKC,-8.11542493361041
KPIGREEN,-8.110849627163024
RVHL,-8.082470451433634
GOKUL,-8.048241867876618
HEMIPROP,-8.038003880734115
APOLSINHOT,-7.969507369245712
BLBLIMITED,-7.959697195678688
VADILALIND,-7.925947957151623
RISHABH,-7.888068870858632
SILLYMONKS,-7.849998474121094
INOXWIND,-7.844132133512076
63MOONS,-7.790946682917112
SAMBHAAV,-7.663548686367083
KARMAENG,-7.642166786186795
SETCO,-7.627123369974632
BHEL,-7.565796832864448
GTL,-7.56554456944999
FLEXITUFF,-7.496209904435758
GAEL,-7.342511568745754
LUPIN,-7.295779158899758
EQUIPPP,-7.25978963641795
NKIND,-7.243654145416686
DATAPATTNS,-7.227418587893927
SHALPAINTS,-7.2172304279070305
CARTRADE,-7.204677072927238
JAYNECOIND,-7.201646316642803
EIHOTEL,-7.190424098432622
TREL,-7.172267093934788
VIPIND,-7.153685640846572
SOLARA,-7.140662331941199
BANG,-7.1146217049043585
CLSEL,-7.095778955264715
ARCHIES,-6.989243305565116
HLVLTD,-6.982455337256716
KRIDHANINF,-6.966291147565998
VERTOZ,-6.945829179129278
YUKEN,-6.92389826011636
LYKALABS,-6.896847621067824
ADROITINFO,-6.896550104171306
GNA,-6.891753420525062
J&KBANK,-6.826251998371139
GMDCLTD,-6.75075764644962
KPIL,-6.713168425042911
CEREBRAINT,-6.712331988391301
PRAXIS,-6.705884372486788
MEDICAMEQ,-6.69978062055082
DBREALTY,-6.686802785182837
BCG,-6.666667299286432
RECLTD,-6.664230988852086
UNIVASTU,-6.651043841321186
BALAXI,-6.5849613873202335
NH,-6.507764018119102
MPTODAY,-6.4729116169378615
CENTRUM,-6.448594324140358
SHREERAMA,-6.442476795837942
UNIDT,-6.323678438073673
SABEVENTS,-6.2962990108013335
RAMASTEEL,-6.220472233997138
SECMARK,-6.208126072085003
YATHARTH,-6.188450011618263
SPANDANA,-6.136730044264793
RSSOFTWARE,-6.106962260816118
LYPSAGEMS,-6.065571989240365
DREAMFOLKS,-6.039746756468129
GMMPFAUDLR,-6.035039285953701
SIL,-5.9695807618574355
COFFEEDAY,-5.962015946883789
KFINTECH,-5.959734820679531
ICIL,-5.958251181016762
SHIVAMILLS,-5.899500247821137
ELECTHERM,-5.86396759631587
ENGINERSIN,-5.846767743097468
VOLTAMP,-5.846627479128827
SANGHVIMOV,-5.841835637417044
RADIOCITY,-5.828574044363839
GANGAFORGE,-5.81395323048289
SAMHI,-5.81378337855447
GINNIFILA,-5.77405797190893
SWSOLAR,-5.771167994196738
TEXMOPIPES,-5.764140798412939
CAPTRUST,-5.706052267855642
BBTCL,-5.6900177297653896
ATAM,-5.669937455335564
CDSL,-5.659503496667185
BGLOBAL,-5.625002002343506
RADIANTCMS,-5.621366345721102
PVP,-5.598592161777552
KILITCH,-5.5926784768448545
BSE,-5.574863446334394
MIDHANI,-5.56466370898227
LAXMIMACH,-5.549402655653466
DHUNINV,-5.520566969868318
LANDMARK,-5.5199719766218225
PRUDMOULI,-5.515877995691511
ANMOL,-5.48302484583095
GANDHAR,-5.433299812224366
AVROIND,-5.399753922134195
LUXIND,-5.388488481539007
CONFIPET,-5.387200341824282
DEEPENR,-5.360137228564384
JAIBALAJI,-5.349276137405536
TOUCHWOOD,-5.319084152391354
MGEL,-5.294864629883897
AURUM,-5.282038331350238
SUVIDHAA,-5.263153051515313
BOROLTD,-5.2412085147820395
GENUSPAPER,-5.213482460279143
JETAIRWAYS,-5.212648787758225
MAHASTEEL,-5.177935601259067
LAURUSLABS,-5.161004457760717
ACE,-5.139305917648464
UNITEDPOLY,-5.136018653246681
NEXTMEDIA,-5.131577254992751
SYNCOMF,-5.093635099214273
MVGJL,-5.0562490344266875
SHRIRAMPPS,-5.0105237458881575
ZIMLAB,-4.955196106547641
CRISIL,-4.95043219820011
LAXMICOT,-4.886192938005672
GOLDSTAR,-4.870129990766698
UNICHEMLAB,-4.855057511226594
KAUSHALYA,-4.852611070588975
LIBAS,-4.8275852997152935
AVTNPL,-4.8069584726939025
BLISSGVS,-4.793763337017494
ADANIENSOL,-4.790845623841503
GANDHITUBE,-4.78374406801613
SUNPHARMA,-4.782760862273756
SHRIPISTON,-4.762494278236489
AKSHOPTFBR,-4.751384487439056
TATATECH,-4.748673268217778
EROSMEDIA,-4.739336407207897
EVERESTIND,-4.730017549244404
GOLDTECH,-4.728287639485363
NLCINDIA,-4.703493897073082
TEMBO,-4.701632276498448
5PAISA,-4.689774319414284
HIRECT,-4.6873891432719175
NBIFIN,-4.670324933964157
STARHEALTH,-4.629802089324387
IRCON,-4.607422296295298
ONELIFECAP,-4.55840040933551
MOTISONS,-4.50530901820905
KECL,-4.481755091906174
BPCL,-4.472047793939247
MAHESHWARI,-4.465878439297584
NMDC,-4.429482444823421
IRB,-4.37230342750259
MMP,-4.368769065612056
THEINVEST,-4.336612911409969
MAITHANALL,-4.320515433477093
INDIGOPNTS,-4.28340713754327
ADANIGREEN,-4.243419767663627
SHEMAROO,-4.234988907086482
SHANTIGEAR,-4.231484981141445
JASH,-4.224418904698334
FDC,-4.210416776386965
CAREERP,-4.202379499162946
ISFT,-4.199370808511602
AJMERA,-4.175388674899973
RITES,-4.170896451403838
APLAPOLLO,-4.153204552744224
IPL,-4.14723901417114
NRBBEARING,-4.147004219394552
TAJGVK,-4.140084090487124
BSHSL,-4.1380986605263725
PAKKA,-4.125257923039851
CYBERMEDIA,-4.112897507233697
DELTAMAGNT,-4.089794960295126
AMBICAAGAR,-4.085256249073852
MADHAV,-4.046242774566474
GATEWAY,-4.022453686043068
REPL,-3.9947509765625
BHAGYANGR,-3.99291246453294
FAZE3Q,-3.9787143592727343
SARLAPOLY,-3.894180217117229
MELSTAR,-3.846150319251659
MANOMAY,-3.839215063683917
ALKEM,-3.823254663330248
SINDHUTRAD,-3.7908532039716065
HAVISHA,-3.773590168014016
VIDHIING,-3.7661355225330295
MUFTI,-3.7570915050197695
RAJESHEXPO,-3.7506249515452703
HBLPOWER,-3.747164533632056
ONGC,-3.7308147016495505
OSWALSEEDS,-3.730015102271493
S&SPOWER,-3.7206800377899225
PSPPROJECT,-3.707558708170332
AIROLAM,-3.704951238171868
SHANTI,-3.699060562026889
HCL-INSYS,-3.687150064119947
HPAL,-3.612202976440114
SAH,-3.6058725224161448
RAJRILTD,-3.6027657877151764
SHAREINDIA,-3.601617510522612
JAMNAAUTO,-3.590890383112376
OMKARCHEM,-3.586210053542565
SUNFLAG,-3.5294120871399515
ASHOKAMET,-3.5096133125603495
ROML,-3.4900548495529593
KIRLOSIND,-3.489907467789762
SADBHAV,-3.4653441039571757
WESTLIFE,-3.4438100713220634
MAZDA,-3.432874975260516
ADVANIHOTR,-3.4318848795707115
MAHABANK,-3.3802800332910823
MRF,-3.3416355984670667
BOMDYEING,-3.3235507223076985
VRLLOG,-3.308474946550423
CARYSIL,-3.2995346965136294
EASEMYTRIP,-3.2957090510539975
NTPC,-3.279573173933132
INDOAMIN,-3.2663870089245703
UMAEXPORTS,-3.247308218350974
SCHAND,-3.221195779565299
JAGSNPHARM,-3.2179945861824155
VAKRANGEE,-3.1578974192415488
DANGEE,-3.1515179258404356
NIPPOBATRY,-3.1412754225579915
RANEHOLDIN,-3.141234748024446
PIXTRANS,-3.1282015510531136
3IINFOLTD,-3.080940805956904
KITEX,-3.0790185618805923
AMJLAND,-3.0639334967134246
SARVESHWAR,-3.060106498847774
MODTHREAD,-3.057848717555527
MEGASTAR,-3.0565213458192972
ALPA,-3.0532743717878827
SPECIALITY,-3.038591830511731
BCLIND,-3.03292890270466
MTEDUCARE,-3.0303001841675177
COASTCORP,-3.0132937250925784
KERNEX,-3.012109066449447
MEDPLUS,-3.010767974996513
DIGJAMLMTD,-2.99477862490771
MUNJALSHOW,-2.9705365909516943
ARENTERP,-2.9629689152511154
PURVA,-2.9568119830599393
HINDPETRO,-2.9562487933580868
SONAMLTD,-2.8992635947325684
NILASPACES,-2.887705312812303
EXPLEOSOL,-2.8580097509648668
GOODLUCK,-2.8442090233854858
MSPL,-2.84133006245335
WEALTH,-2.8094372664552565
IDBI,-2.7891147047502067
ATALREAL,-2.77456395031544
IEL,-2.769228128286509
TARMAT,-2.7663566613123054
AVG,-2.7624366247199696
OILCOUNTUB,-2.7499961853027344
GOLDIAM,-2.746627784740442
MUKTAARTS,-2.738171988416242
GPPL,-2.733093478925712
UDS,-2.7110854020709687
IWEL,-2.67652293206622
RUSTOMJEE,-2.6678885728144786
LOTUSEYE,-2.652389769547668
GUJAPOLLO,-2.6479686107606244
SGIL,-2.621619588820016
GODREJIND,-2.619236235543884
INDIANB,-2.6188094937338
GTPL,-2.5981984867082843
NAVNETEDUL,-2.596823071676587
CONTROLPR,-2.572962181883285
NGIL,-2.5706624170028944
JETFREIGHT,-2.5547403844393486
NATIONALUM,-2.54710235945107
GRAPHITE,-2.5364700734981858
AHLUCONT,-2.5122129955975163
HINDOILEXP,-2.4974585501915576
ONMOBILE,-2.469957859055444
IONEXCHANG,-2.445983855163515
RPPL,-2.4383767576833235
GENUSPOWER,-2.432469431807117
CINEVISTA,-2.4210478130139803
ROLEXRINGS,-2.3931648596203217
SKMEGGPROD,-2.3833850912507857
MANGLMCEM,-2.3710407387039885
LOVABLE,-2.354288503929489
PARSVNATH,-2.2794147861869254
NHPC,-2.2696376067144
VETO,-2.268941325750867
ASIANENE,-2.2589052997393573
MIRCELECTR,-2.247705450765118
MOIL,-2.245609632394383
AJANTPHARM,-2.2114221871312676
MARUTI,-2.1790529286031988
COMPINFO,-2.168678325775369
UFO,-2.165259577458787
COALINDIA,-2.1298240740746497
VAISHALI,-2.121011432377404
PARAGMILK,-2.0950268293512866
SBGLP,-2.093387113934825
VEDL,-2.083854130592123
RAINBOW,-2.074708059462646
SIRCA,-2.0574849600510587
INOXINDIA,-2.0068270362651273
TTKHLTCARE,-2.005703465642294
FOCUS,-1.996819961620628
NORBTEAEXP,-1.992031842235066
SHYAMCENT,-1.9889536064326332
SUKHJITS,-1.9479160980747985
DUCON,-1.9108292635635724
SRPL,-1.9047601747403904
BUTTERFLY,-1.903776693937968
BASML,-1.8562880908193409
GUJALKALI,-1.8486214131207883
BORORENEW,-1.8314639280826035
SHOPERSTOP,-1.8233915371948393
RGL,-1.8215985365316905
FCONSUMER,-1.8181800448205243
HUBTOWN,-1.7938148524753006
ITC,-1.784184481640948
SOUTHBANK,-1.7699115044247788
JKTYRE,-1.755254908162083
ABB,-1.7533531106291484
QUESS,-1.7510994579712469
IRFC,-1.7442126928128083
PAVNAIND,-1.7146607802330496
CARERATING,-1.7123463928672766
MADHUCON,-1.6831690086451991
SUPREMEENG,-1.666674945089223
CENTRALBK,-1.661579822018782
ANGELONE,-1.657886670234287
AHLADA,-1.651889965809123
DISHTV,-1.6413400926519193
AUSOMENT,-1.639342724524056
TATAELXSI,-1.6342235185376426
RAIN,-1.6220891198446583
XCHANGING,-1.613648041760074
AARTECH,-1.6017521497196388
NYKAA,-1.583543311873574
AWL,-1.5556865944946785
VIJAYA,-1.52905201155095
SSWL,-1.5136609210117489
STEELCAS,-1.4878460043576076
LGBBROSLTD,-1.4792609593608457
KHANDSE,-1.476274393781601
MFSL,-1.47402897992171
IOB,-1.4456054288544162
BALAJITELE,-1.4265566281008693
GANESHBE,-1.4196440946227482
GOACARBON,-1.4012283311726648
KRITIKA,-1.3861419607429897
JAGRAN,-1.366789918250204
MARKSANS,-1.3636363636363635
DAMODARIND,-1.360951540479317
EIFFL,-1.3531652968169146
CELLO,-1.3514260197591588
HISARMETAL,-1.3463993436229416
JPPOWER,-1.3367620497848374
ANSALAPI,-1.3186904857471808
HINDALCO,-1.311991912665517
NECLIFE,-1.2893562964011904
ADORWELD,-1.235197930988493
NGLFINE,-1.227652312297396
LEMONTREE,-1.2137326458618662
ENERGYDEV,-1.2094979866554805
VALIANTLAB,-1.202220848448089
SEJALLTD,-1.1950973696906968
UMANGDAIRY,-1.182571962244628
SATINDLTD,-1.1808066791831102
NUCLEUS,-1.153102910590795
AXITA,-1.1389521244213434
ORIENTBELL,-1.1016788637059245
BIGBLOC,-1.0874612565035564
DALBHARAT,-1.069456268818584
SONACOMS,-1.0623194720715152
JBCHEPHARM,-1.0599868638136196
SURANASOL,-1.0472537201335523
CGCL,-1.033476980552055
SIGMA,-1.025196151588535
ARTEMISMED,-1.0150925122170782
HOVS,-1.0099403949889996
PSB,-0.988655758198894
SOMATEX,-0.9840815053425084
INFIBEAM,-0.9345771069191956
ORIENTHOT,-0.8415232508195982
FEDFINA,-0.8113590263691683
ANURAS,-0.8088110792766707
FUSION,-0.7994925080082159
SUNCLAY,-0.7683975916357283
INDUSTOWER,-0.7668413742946664
ANKITMETAL,-0.7499992847442627
MORARJEE,-0.745346809876559
ATGL,-0.7371580416873907
BIOFILCHEM,-0.7248489272630889
SILVERTUC,-0.7203545723213192
ARSHIYA,-0.7142850452539758
ACLGATI,-0.6960556844547563
TATAPOWER,-0.6791940043220683
VINNY,-0.6741513316187198
ANTGRAPHIC,-0.6666660308837891
INNOVACAP,-0.6653438140050894
SILGO,-0.6631299600549599
HINDCON,-0.662984558765623
NDLVENTURE,-0.6602274419836643
ROSSELLIND,-0.6335797254487857
NITINSPIN,-0.5896700212740836
UGROCAP,-0.5568594490960558
ITI,-0.5560138044255928
BHARATGEAR,-0.4995517985872484
MEDANTA,-0.486818471967071
STEELCITY,-0.4800829554419208
EPL,-0.4769193209134615
TIDEWATER,-0.454801144709495
SPENCERS,-0.4119211419164973
AUTOIND,-0.3834923686335261
VARDHACRLC,-0.3760055330529013
TREJHARA,-0.3413330078125
RADHIKAJWE,-0.3409076131079441
NAUKRI,-0.3192697648460517
ZYDUSLIFE,-0.3032045602827262
DELPHIFX,-0.3007515885668361
SALSTEEL,-0.2823504279641544
WINSOME,-0.2739723343007248
CONCOR,-0.2696851705184537
LASA,-0.2586266005079795
JSWHL,-0.251538822112258
TCS,-0.2473679726888682
NDTV,-0.2441751304707572
GREENPOWER,-0.2398136378626535
INDIANCARD,-0.1996799005888136
MARSHALL,-0.1782504043511213
MENONBE,-0.1745348793151473
IOC,-0.1677644035568613
BAJAJFINSV,-0.1676973799783206
JTLIND,-0.1541303659439331
PLAZACABLE,-0.1454193295230169
SULA,-0.1391198843176645
TATACONSUM,-0.1349736777731545
INDIGO,-0.1239739927296952
PGIL,-0.1095052337944857
DHANBANK,-0.0904998073232692
MACPOWER,-0.085375394654927
MIRZAINT,-0.0651439300627225
ANANDRATHI,-0.063000927876922
URJA,-0.045978063824533
UNIPLY,0.0
DSKULKARNI,0.0
FAIRCHEMOR,0.0
LEEL,0.0
SHIRPUR-G,0.0
JBFIND,0.0
MANPASAND,0.0
ATLASCYCLE,0.0
JPINFRATEC,0.0
ALCHEM,0.0
ICSA,0.0
INDLMETER,0.0
PDPL,0.0
BIRLATYRE,0.0
BALLARPUR,0.0
AIFL,0.0
AHLWEST,0.0
VISUINTL,0.0
EASTSILK,0.0
NAKODA,0.0
RAINBOWPAP,0.0
BILENERGY,0.0
MCDHOLDING,0.0
KSK,0.0
GBGLOBAL,0.0
CANDC,0.0
CKFSL,0.0
TECHNOFAB,0.0
EASUNREYRL,0.0
ATNINTER,0.0
PUNJLLOYD,0.0
3RDROCK,0.0
TALWALKARS,0.0
ASIL,0.0
GITANJALI,0.0
TALWGYM,0.0
MARKER0,0.0
VIDEOIND,0.0
METKORE,0.0
ZICOM,0.0
MVL,0.0
RMMIL,0.0
BRFL,0.0
EUROCERA,0.0
LAKSHMIEFL,0.0
JAINSTUDIO,0.0
AJRINFRA,0.0
KGL,0.0
EUROMULTI,0.0
NIRAJISPAT,0.0
NUTEK,0.0
KSERASERA,0.0
ARCOTECH,0.0
RNAVAL,0.0
CELESTIAL,0.0
RELCAPITAL,0.0
BLUEBLENDS,0.0
VALECHAENG,0.0
UNITY,0.0
VIVIMEDLAB,0.0
RELIABLE,0.0
RMCL,0.0
METALFORGE,0.0
KKVAPOW,0.0
NITINFIRE,0.0
IVRCLINFRA,0.0
JIKIND,0.0
SATHAISPAT,0.0
ABHISHEK,0.0
JINDCOT,0.0
EON,0.0
SPENTEX,0.0
DQE,0.0
MERCATOR,0.0
OPTOCIRCUI,0.0
CCCL,0.0
DHARSUGAR,0.0
INDOSOLAR,0.0
GIRRESORTS,0.0
AHLEAST,0.0139257036623007
LICI,0.024421216862254
GEOJITFSL,0.0277766474971064
AVONMORE,0.037610419635646
PANACEABIO,0.0452470255143972
TPLPLASTEH,0.0544399048323348
ESAFSFB,0.0550941760817994
VESUVIUS,0.0556927226544108
POWERGRID,0.0921290699124787
DIL,0.1265791382780058
INGERRAND,0.1451302445291159
RRKABEL,0.1457587212417833
SUVEN,0.1916236097708265
THYROCARE,0.2283747229673101
RATEGAIN,0.2465163041274732
YASHO,0.2739339482088766
PALREDTEC,0.2870829402485981
BEDMUTHA,0.3084515808457291
KOKUYOCMLN,0.3229031256435337
WEBELSOLAR,0.3273322422258592
MRPL,0.3349878386837485
TCI,0.3400841053818137
SHIVALIK,0.3425495448497986
PRITIKAUTO,0.3484267298355706
UCOBANK,0.3536706730994628
DEEPINDS,0.354306654747288
TVSSRICHAK,0.3666000179913798
UMESLTD,0.392156496088299
NINSYS,0.3933062232840386
CREATIVE,0.3950328875234524
MOTOGENFIN,0.4141993870074794
IZMO,0.4284373460380465
AARVI,0.4335469961495145
MAHICKRA,0.4484304932735426
IFCI,0.4597680989841881
DLF,0.4871134831203891
BFUTILITIE,0.4876724205112219
WELINV,0.5227649992932005
RELAXO,0.5511796236182617
ELDEHSG,0.5705977050601075
WEIZMANIND,0.570715304634652
PRECAM,0.5737289416996755
HNDFDS,0.6012626368581385
PIGL,0.6124973297119141
CARBORUNIV,0.6343791754279337
EMMBI,0.63849526380622
INTLCONV,0.6573352471055434
UTKARSHBNK,0.6641337173703142
INDRAMEDCO,0.6669398528618494
TITAN,0.6736748593426118
INDBANK,0.6820464653863466
AWHCL,0.6855093773802633
PNB,0.700906083885817
FLAIR,0.7350406483707265
IMAGICAA,0.7360332223327474
BHAGERIA,0.7414083666152841
THERMAX,0.7458096413396651
ASIANHOTNR,0.7577364561987705
HMT,0.763766094143613
EMAMIREAL,0.767099680651305
JINDALSTEL,0.7764674874652243
LINC,0.7795351315726053
GRASIM,0.7970081858184991
GILLANDERS,0.8048825147675305
GLAND,0.8384682870361112
PCBL,0.8524341337158927
VIMTALABS,0.8566402708048364
WELSPUNLIV,0.865623380917321
SHAHALLOYS,0.8744954097608806
JIOFIN,0.8805014385700558
RAJRATAN,0.9023719680565192
IGARASHI,0.9115617590342332
BANKINDIA,0.9488844440334572
GLOBUSSPR,0.9643821373637096
APOLLO,0.9720988711860836
BAJAJHLDNG,0.9789059548688808
KEYFINSERV,0.9922544691578182
PARACABLES,1.005588318501655
MHLXMIRU,1.0301647200639186
HITECHCORP,1.0372945544342729
TRITURBINE,1.045445128513458
NIBL,1.0629400506719842
DCMSHRIRAM,1.0824731363790074
MOLDTKPAC,1.084144416758588
SALONA,1.0976328479518729
DENORA,1.1057530036526233
DEEPAKNTR,1.1622362843206655
GLS,1.170514576622245
SHANKARA,1.181684931464981
INDSWFTLTD,1.1848341018019743
KANSAINER,1.2376024507952192
NRAIL,1.2550474902547244
REFEX,1.259089019899179
POWERMECH,1.3030387575156144
STCINDIA,1.3087227840551594
RAMRAT,1.333157115478092
MEDICO,1.3541578708427002
TATACOMM,1.364708399843854
SCHNEIDER,1.3736263924286838
MALLCOM,1.3886131609485266
KUANTUM,1.3912441738516332
ATULAUTO,1.3933404374098446
HAVELLS,1.4090603216312236
TATAMOTORS,1.4157542188583725
SAFARI,1.4306481719004822
TTML,1.447967380318371
JSWSTEEL,1.4564959693796449
KIRLOSENG,1.472970929501835
SASKEN,1.4936527707003395
GMBREW,1.5259645340418266
NESTLEIND,1.5279524044844963
ARVIND,1.5352998227595955
ROHLTD,1.5444032016692593
RPSGVENT,1.5510023315595869
BBOX,1.564984946907215
TATAINVEST,1.5696468197807862
INDOBORAX,1.578032212450325
ARIHANTSUP,1.601993384449527
SKIL,1.607145609296145
RHIM,1.621540056121593
APOLLOPIPE,1.621917642855955
JINDWORLD,1.628014583718412
TAKE,1.651379004360479
ZAGGLE,1.7717582057933252
HIMATSEIDE,1.8023223964636872
SREEL,1.8115354217613464
MAANALU,1.8232628163707256
RBL,1.8244510429097056
REDINGTON,1.8438372795890952
SAGARDEEP,1.8439664409457144
GSPL,1.8725986731664703
AUROPHARMA,1.8756392847065464
METROPOLIS,1.9576928130337667
MANUGRAPH,1.9693603854630488
NITCO,2.000003390842014
TRF,2.0130697678376905
ARVEE,2.013422818791946
NSIL,2.043485168406466
TV18BRDCST,2.056077298602475
UNIPARTS,2.0615552421285166
LOKESHMACH,2.0660160289136433
BERGEPAINT,2.083545024018906
SIEMENS,2.0873776255276795
DMART,2.1026838089611375
SHRENIK,2.1052674507500932
OSWALAGRO,2.1098880977421017
IREDA,2.1181592806592
TATVA,2.118376008207577
APTECHT,2.1819830163157494
TRIDENT,2.1828098036489836
SBICARD,2.183559982122378
GREAVESCOT,2.200380840914461
KIOCL,2.204162090841757
CYBERTECH,2.208749983197311
MODIRUBBER,2.2119774694959
KSL,2.2251101542069276
ACEINTEG,2.2356547207860444
CENTURYTEX,2.2475276689137815
MUTHOOTFIN,2.2854050605080984
KBCGLOBAL,2.285712105887277
VLSFINANCE,2.299501198258584
ADANIENT,2.34438171397932
3PLAND,2.3491067852014886
ASIANPAINT,2.3501180219337203
SBIN,2.368555335822206
ASTERDM,2.3816121985985377
SFL,2.385329641996201
URAVI,2.3943869892759846
GREENPANEL,2.4090481666597814
MPHASIS,2.410905987004481
DELHIVERY,2.4118008714520527
SBILIFE,2.4131780093620963
BHARATWIRE,2.427542865307568
DVL,2.4431835521351206
SBCL,2.460202604920405
SHALBY,2.4638733037670497
CESC,2.4668739608416836
UCAL,2.4799718778395223
SUNDARMFIN,2.4893736369205146
DMCC,2.5012102137609307
JUBLPHARMA,2.5128079107955235
BANSWRAS,2.5333353678385415
ENIL,2.5336434943219768
YESBANK,2.537635064894153
POWERINDIA,2.5576831015310937
ZOMATO,2.564775615116384
POCL,2.566154694140089
AMRUTANJAN,2.5747899535179046
PASUPTAC,2.587608999066582
SHREDIGCEM,2.591203558024114
SPLIL,2.5978374573038177
MARALOVER,2.6128641613933214
SIS,2.6300256104343265
KSB,2.630157181735446
CREST,2.6325927415742365
SURYODAY,2.633052206894097
PNCINFRA,2.642788236805205
SYNGENE,2.6639786413431197
SOUTHWEST,2.6714792445357216
ECLERX,2.672948342831192
PREMIER,2.702700090373527
GFLLIMITED,2.707780581472373
LLOYDSME,2.7123417565973433
INDIAMART,2.7300333327634134
AKSHAR,2.745095472618093
ACC,2.7589123930274573
MANORG,2.7666862472040603
UNIVPHOTO,2.810853980870524
EVEREADY,2.812503633045015
PFC,2.813895015499169
ORIENTPPR,2.8224267692209404
ANIKINDS,2.8288829411640855
PROZONER,2.83439906945683
ISEC,2.850008756794981
KAMDHENU,2.8614696298345668
LAMBODHARA,2.8958042563761452
TNPL,2.8971361102183013
MAHLIFE,2.9063591186031847
ASPINWALL,2.9096198017173314
MBECL,2.916663769218772
AETHER,2.9211875096470403
UNIONBANK,2.9352031113178634
BRITANNIA,2.9392963473251466
PTL,2.94736449481451
JUBLINGREA,2.988945274957953
KOTHARIPET,2.999998682694469
NAGREEKEXP,3.000000984438004
SEAMECLTD,3.0052944903967225
CHEMFAB,3.0096616472630284
HDIL,3.010749755146688
JYOTHYLAB,3.0211800958843273
IFBAGRO,3.0333319769965277
SBC,3.044249948147124
SWELECTES,3.0503061476674147
IMPEXFERRO,3.055559345233688
SPORTKING,3.0620619516652745
HDFCLIFE,3.0632405824425475
VISASTEEL,3.084571741880887
DCMSRIND,3.111607687813895
CIGNITITEC,3.116891221341162
LXCHEM,3.144975499713438
AARTIDRUGS,3.147133697810758
CUPID,3.148246004253706
MUTHOOTCAP,3.164353444937206
ATFL,3.1963470319634704
AUTOAXLES,3.2277663058627497
ALANKIT,3.2558095521791923
CSBBANK,3.256710494575462
BAGFILMS,3.2584266773363892
INDOSTAR,3.2738444010416665
TTL,3.3046642161423763
MARICO,3.329655607218851
SOMANYCERA,3.33936268155878
ONWARDTEC,3.3405294297914674
RBA,3.3541545039969813
ICICIBANK,3.3632253788650153
GAYAPROJ,3.382353126796466
TMB,3.3892882092123084
FILATEX,3.395555284288194
TALBROAUTO,3.397908038876817
JAYBARMARU,3.398453212228051
PATANJALI,3.4171509028777978
RBZJEWEL,3.4527430523370666
SURYALAXMI,3.4855877362659373
MINDTECK,3.487381838092523
ARSSINFRA,3.4920656889161847
PGHH,3.5264285191645297
LT,3.540831036277148
BIL,3.556159969535997
PRIMESECU,3.560411827951278
SRHHYPOLTD,3.560940876651877
MANINFRA,3.5745283177136553
LAOPALA,3.5942080515312584
GULPOLY,3.5998966477536185
SERVOTECH,3.6236100099793016
INDOTECH,3.634855903640656
NILAINFRA,3.6363642368669344
NETWORK18,3.664592482288432
WILLAMAGOR,3.687749328705724
EICHERMOT,3.6925239404560113
APOLLOHOSP,3.7279872231328546
SATIN,3.742489794293187
HMVL,3.761103103468896
PETRONET,3.775111362951997
KOPRAN,3.776908437381147
ARVSMART,3.7784189496201313
ELECTCAST,3.7787513788437046
POLICYBZR,3.801593756316804
INDOCO,3.8089193667532064
KREBSBIO,3.8136868456572306
LUMAXIND,3.83997970557044
SINTERCOM,3.8461538461538463
HMAAGRO,3.8482920636722033
BANCOINDIA,3.850304983327389
DCM,3.8549400459710745
RESPONIND,3.860753234883552
MUFIN,3.8707066080672545
VSTIND,3.8855255807221223
GOCOLORS,3.90474531702712
BROOKS,3.905529113434502
MANKIND,3.906671740976024
OLECTRA,3.922545142199648
BHANDARI,3.949043905040035
TGBHOTELS,3.9506133302941344
NURECA,3.95080379641874
REPCOHOME,3.9664905406903
NECCLTD,3.967934833046989
JYOTISTRUC,3.970587843429682
KAKATCEM,3.978772498879097
AMBIKCO,3.9989595567781726
DRREDDY,4.007931043513449
CUMMINSIND,4.023628326433023
WEWIN,4.029550198753678
LLOYDSENGG,4.02984619140625
CREDITACC,4.030230284336592
APOLLOTYRE,4.030248952230885
MITCON,4.052042340700511
AFFLE,4.053225211660784
BBL,4.071395188997678
DATAMATICS,4.078890103729543
ADVENZYMES,4.0797074585913
PILANIINVS,4.081738872350071
GUFICBIO,4.091367253655381
HUDCO,4.092588071469907
SHAH,4.102560089733415
ZEEMEDIA,4.102567291331512
HTMEDIA,4.119844354641108
AMBER,4.183079955639003
KAJARIACER,4.214059100349734
ABAN,4.222228035094246
HONAUT,4.2265892116474575
ICICIPRULI,4.278898447256411
GROBTEA,4.280242398558165
SHYAMMETL,4.2807385263279905
TNPETRO,4.282437913063617
PIDILITIND,4.28488354769505
GSFC,4.298443571891192
EMIL,4.299911714050009
SBFC,4.308450922820594
HARIOMPIPE,4.309369829760181
XPROINDIA,4.320178536222124
VENUSPIPES,4.326165223769445
ONEPOINT,4.35004492721739
VIKASECO,4.358976208638504
AMBUJACEM,4.390499041441774
SIGIND,4.404112912821546
SESHAPAPER,4.409975832824553
FOODSIN,4.436168860494461
WANBURY,4.443027025052968
LPDC,4.444445341492615
ARVINDFASN,4.452363848382578
CAMS,4.457884728346269
JMFINANCIL,4.490493143646699
ZEEL,4.498644386905809
RITCO,4.509691249472048
KOTAKBANK,4.557634294954365
BEML,4.568524180879713
HEXATRADEX,4.569135923399858
NIITMTS,4.6001116610073085
COLPAL,4.61780492319082
JKLAKSHMI,4.676671775113643
JOCIL,4.691623246415612
VSSL,4.701747159444466
PIIND,4.707178685851326
AGRITECH,4.737659801136364
FSL,4.7417918701204185
SANGHIIND,4.7583596972196025
BSL,4.77177492402012
BAJAJHCARE,4.771918378759371
LALPATHLAB,4.8033322974854356
SOTL,4.804183843403672
GHCLTEXTIL,4.812579811126812
KHADIM,4.827200141421879
GLOBE,4.83871290264477
ANUP,4.846990466755867
ALEMBICLTD,4.872517429996344
NDGL,4.879126270274912
HDFCAMC,4.892381572017632
AGI,4.899838078901107
TVSELECT,4.908545064830173
GALAXYSURF,4.910702656903077
SANDHAR,4.926108262602179
SHK,4.926730824003934
PILITA,4.9350622113535465
UNIVAFOODS,4.965519082957301
GFSTEELS,4.972373478244055
JINDALPHOT,4.97361678750882
TATACHEM,4.989578020786609
TVSSCS,4.994257807494168
TPHQ,4.999995032946466
BLUECOAST,4.999995123256442
TVTODAY,5.011357779840013
MAHLOG,5.029224106321665
BIRLACABLE,5.03478926784963
BURNPUR,5.040649397925255
ESABINDIA,5.05312364873678
DTIL,5.079850074758397
KIRIINDUS,5.087851458054813
RADICO,5.11073914946124
RML,5.134271428087287
TOKYOPLAST,5.167465575003738
GAIL,5.171399469349822
JUSTDIAL,5.208499807402308
BANKBARODA,5.21657480358404
SMARTLINK,5.221238938053097
PFIZER,5.236677510305319
TATASTEEL,5.285559076319287
CANBK,5.2938044545182645
GVKPIL,5.296803048483148
RTNINDIA,5.320261038985906
STERTOOLS,5.326508114306656
JALAN,5.333334604899089
FEL,5.333336194356283
BHARTIARTL,5.337350099968163
VINDHYATEL,5.349679193100266
APARINDS,5.370745407051991
ELGIRUBCO,5.376344086021505
WSTCSTPAPR,5.387596899224807
OIL,5.39156442665192
BALKRISIND,5.418159305859096
RBLBANK,5.426911377649868
VBL,5.428385632029441
SUPREMEIND,5.432394821060464
BIRLACORPN,5.467277053152139
ALLSEC,5.475717141195878
JINDALSAW,5.501849171747684
BARBEQUE,5.506999053699811
AARTISURF,5.560481352731116
BOSCHLTD,5.580079637634975
PGHL,5.619608935239365
GREENLAM,5.630932549194908
NIITLTD,5.634221758973841
KTKBANK,5.641612158919381
KHAICHEM,5.64971727059931
NAHARSPING,5.665029387191059
DPSCLTD,5.698005945711313
HARRMALAYA,5.725596888398746
TECHM,5.733063147850206
DCMFINSERV,5.740739579717502
SUPRIYA,5.750624443742644
RSYSTEMS,5.752536492461862
FORTIS,5.756954183804528
GODREJCP,5.764280128192381
RPGLIFE,5.77767621052583
WONDERLA,5.7885302616634995
STYLAMIND,5.797640042630996
TORNTPHARM,5.798789619807495
HEIDELBERG,5.799604958548966
PNBHOUSING,5.799745177909386
CGPOWER,5.800931227522356
DYNPRO,5.807796750841918
SUBROS,5.823398083670512
CENTURYPLY,5.830330135970628
ALKYLAMINE,5.845214490868047
FIEMIND,5.852951308214581
DEVIT,5.866425831201165
PALASHSECU,5.869971724506899
TEGA,5.920431808279767
ALOKINDS,5.928705239483191
VALIANTORG,5.929296621127815
NELCO,5.9297968581166955
NEULANDLAB,5.939631569137146
POLYCAB,5.946022837109244
HINDWAREAP,5.946773581173534
KRSNAA,5.957842685746127
ROUTE,5.960176542207792
NAHARCAP,5.960503072241688
NEWGEN,5.962993650438551
BALAMINES,5.977998758855666
SADHNANIQ,5.9807447869947685
HONASA,5.983508573965695
GULFPETRO,5.993683487234904
SVPGLOB,5.9999979459322414
BLUEDART,6.028384401608702
VLEGOV,6.04049126628922
SUDARSCHEM,6.044646509321696
GSLSU,6.057280401625895
KINGFA,6.069983569005653
SEQUENT,6.072208388205905
SHREECEM,6.078752973335956
FLUOROCHEM,6.090402659113749
HYBRIDFIN,6.090909784490412
KANPRPLA,6.111377780720339
DHAMPURSUG,6.113461843454533
KPITTECH,6.118289689891757
SOFTTECH,6.121213667835474
TIPSFILMS,6.212806529672002
PLASTIBLEN,6.219732249483253
SOLARINDS,6.241470079444617
ACL,6.247944730351122
HIKAL,6.253186172298214
ABMINTLLTD,6.25870347812911
THEMISMED,6.285993649567223
TANLA,6.294101044312729
KIMS,6.294949668499353
GNFC,6.311725186151115
CEATLTD,6.327704239180833
BAJFINANCE,6.335815045567521
KRBL,6.340417655303889
TORNTPOWER,6.359692433933133
KDDL,6.373195573065114
RUPA,6.373337518601191
RUSHIL,6.382304423717895
NESCO,6.387321939520272
SHYAMTEL,6.402446151418132
MBAPL,6.4035487545038805
MOL,6.405383502511533
WIPRO,6.4330645018718755
BANARBEADS,6.4337163884554185
HCG,6.434051023857293
CYIENT,6.467493208937972
PVRINOX,6.488543955353008
DYCL,6.5281832405500975
PPLPHARMA,6.530616396949404
DHANI,6.553195385222739
ORICONENT,6.58793237993265
SUMMITSEC,6.592234579615221
AXISCADES,6.603691030154998
JPOLYINVST,6.629055007052186
MANAPPURAM,6.643045010460974
SUPERHOUSE,6.652595984336171
AVALON,6.661266309588136
SITINET,6.666660043928621
HINDUNILVR,6.681303266958317
ZUARIIND,6.701587064570891
MURUDCERA,6.720984021001812
STLTECH,6.742341334566198
NITIRAJ,6.745997937374856
ORCHPHARMA,6.747628534404948
360ONE,6.755034622632981
IFGLEXPOR,6.764240506329114
VERANDA,6.79064638959378
HATSUN,6.799997588734567
MASFIN,6.854009882341031
IGL,6.861744262491181
CIPLA,6.881369801009233
PFOCUS,6.886751263441723
VTL,6.9085597794506795
FMNL,6.923073988694411
RPPINFRA,6.943986984529611
GUJGASLTD,6.945437420624638
CHEVIOT,6.952190719816791
HGS,6.964588354876727
BLUESTARCO,6.988241897371804
ICICIGI,7.0050180134579
MANINDS,7.035929921871177
INDORAMA,7.044916302564477
PAISALO,7.047761004518567
LATENTVIEW,7.097038828741257
IDFC,7.108010292504864
KESORAMIND,7.115434373370132
DCBBANK,7.134195676683945
MASKINVEST,7.134723810137819
ABCAPITAL,7.149203517625223
RUBYMILLS,7.191906325105214
AMDIND,7.210683234903959
NAHARINDUS,7.247937415256973
NILKAMAL,7.25966357444238
FIBERWEB,7.272728402032048
MMTC,7.276349523155239
AEROFLEX,7.307139805385045
ADFFOODS,7.310406352715517
REMSONSIND,7.312984745908061
BATAINDIA,7.3346294029175825
RATNAMANI,7.354640120398849
TBZ,7.360076093545458
MMFL,7.40546592048799
WORTH,7.417332715981918
SHARDACROP,7.4395072691496065
ORIENTCER,7.466665414663462
ZYDUSWELL,7.470335677460202
INFY,7.473982500983932
PODDARMENT,7.513264215608084
CHEMCON,7.533780263957669
VIPULLTD,7.535888955438221
NELCAST,7.550509511564063
MANYAVAR,7.561935678300778
SANGAMIND,7.568130898222634
OCCL,7.600167029434947
TARAPUR,7.601473937066645
TVSHLTD,7.606741528049442
VISAKAIND,7.609010154402809
INDSWFTLAB,7.612007264452222
UNITECH,7.632849591652337
SRF,7.6419950095064655
MCDOWELL-N,7.655851786000213
ADANIPORTS,7.677626218120791
KARURVYSYA,7.678111357716215
KANORICHEM,7.68217543474358
WOCKPHARMA,7.705221603165811
LAGNAM,7.7070828774139315
SAKSOFT,7.726355404245089
KABRAEXTRU,7.729461977385993
GULFOILLUB,7.734860015265607
IDFCFIRSTB,7.77276243985387
TCIEXP,7.776518882256581
RHFL,7.777783811828397
SUNDARAM,7.796610690026191
REGENCERAM,7.812499689559155
GODREJPROP,7.832975725567335
DCMNVL,7.855735985548177
FEDERALBNK,7.864351271603098
TASTYBITE,7.868524041197682
CYIENTDLM,7.872451763169394
HEROMOTOCO,7.878150215187311
ADANIPOWER,7.881778925553264
EMUDHRA,7.885856074441236
HCLTECH,7.895517493424132
PRINCEPIPE,7.920799994061599
HARDWYN,7.932203907077595
MANGALAM,7.936989265736692
KIRLPNU,7.965282552609003
ACCELYA,7.98432698461056
PPAP,7.991599613855286
TCNSBRANDS,8.02079201263052
SUBEXLTD,8.020838314184568
CONCORDBIO,8.03754535615772
KSOLVES,8.04541220384242
BBTC,8.053131290676559
CINELINE,8.05589420422531
RATNAVEER,8.056408208903061
GOKEX,8.065378943727357
IMFA,8.067143482557942
DLINKINDIA,8.106773453034014
HAL,8.119604886559674
NUVOCO,8.130208456429214
SUMIT,8.139061138234958
IDEAFORGE,8.15429871685673
QUINTEGRA,8.16326709351701
DCXINDIA,8.179899517669337
HATHWAY,8.23809305826823
TIINDIA,8.244898414122623
LUMAXTECH,8.272486005401095
PATINTLOG,8.29040012242766
APEX,8.304259761312641
TEXRAIL,8.322009200569969
PEL,8.3368958608227
RELIGARE,8.350093243892283
DODLA,8.353754771385349
ATUL,8.354280742368564
KKCL,8.375018793036054
CCL,8.422862953945206
GODFRYPHLP,8.428144664081866
MANAKCOAT,8.439111574661903
CHOLAFIN,8.441340228093788
KOTARISUG,8.452174974524457
GANGOTRI,8.461539872299337
AUBANK,8.464658909169374
SIGNATURE,8.472533825885282
EMKAY,8.479007703149302
TAINWALCHM,8.536949560473229
HBSL,8.539671387818906
LINCOLN,8.547315988012807
KPRMILL,8.552957168353602
HSCL,8.554828309727561
GUJRAFFIA,8.557807121089402
HITECH,8.562325558501442
SURYAROSNI,8.566741201479868
CHEMBOND,8.574378243740664
INDUSINDBK,8.578032308145218
SEPC,8.578942951403166
OBCL,8.611113936812789
EMAMIPAP,8.632897346448095
REDTAPE,8.63892686762471
CASTROLIND,8.689368458571797
MAXIND,8.70949576206373
FMGOETZE,8.715658048615797
RUCHIRA,8.71958551114966
THEJO,8.73731752680226
BFINVEST,8.740262263266048
GOENKA,8.749998975545182
AXISBANK,8.772462938170607
TIPSINDLTD,8.774176965963903
CHENNPETRO,8.792318102998122
OMAXAUTO,8.815429284286063
CLEAN,8.817136041595168
FINEORG,8.82421123904045
EPIGRAL,8.853456739476368
CORALFINAC,8.860468309979106
NATHBIOGEN,8.879629539807947
IBULHSGFIN,8.89297744778158
CHALET,8.897145375069043
CAPACITE,8.917303971520674
ULTRACEMCO,8.917808702931843
BODALCHEM,8.97679935567528
ANDHRAPAP,9.018949047871864
SMCGLOBAL,9.02871199525894
NIACL,9.03087156440105
RIIL,9.077245448650496
FINPIPE,9.07898431180462
KEC,9.088059143305893
NAVINFLUOR,9.09023865425862
CALSOFT,9.137382364422548
UBL,9.154754247077191
APCL,9.1580972531381
PCJEWELLER,9.164147225028715
CROMPTON,9.177014376970725
UTTAMSUGAR,9.178080333785198
SIYSIL,9.203674087822211
LGHL,9.203940113600492
VENKEYS,9.204803247249082
PREMIERPOL,9.207061811789904
SATIA,9.219424954087986
CMSINFO,9.296546598361068
ARIHANTCAP,9.297857758541454
AARTIPHARM,9.30191772256765
LTIM,9.30975743404554
IKIO,9.329647743412751
NAGREEKCAP,9.34010193567801
EXCELINDUS,9.359961469445077
ADL,9.36422710698895
MUKANDLTD,9.378572499133288
DABUR,9.3816703275314
ASTRAL,9.404771232992418
LORDSCHLO,9.424726857721726
BLUECHIP,9.42856924874442
OBEROIRLTY,9.454989964926307
SUNDARMHLD,9.476284978739937
JKCEMENT,9.510403882199691
AGROPHOS,9.513016541529048
STEELXIND,9.538459777832031
RAMCOCEM,9.556203433754456
ARROWGREEN,9.561591173548882
VIPCLOTHNG,9.569885713928269
GLAXO,9.59738552388006
JMA,9.628877852189264
RAMAPHO,9.649523975793642
MOLDTECH,9.702641766336376
ALMONDZ,9.727048790576909
MAHSCOOTER,9.743682330255597
BAJAJ-AUTO,9.745144303639233
FCL,9.746833726155945
PRICOLLTD,9.761226090121252
METROBRAND,9.773088837581897
LTTS,9.79091053941552
ALKALI,9.801899252693897
SWANENERGY,9.804406917766505
CCHHL,9.812498092651367
UTIAMC,9.857318198813614
DWARKESH,9.873060436317424
MSUMI,9.877251029444944
ITDC,9.890905774787544
SCHAEFFLER,9.914722280588853
MTNL,9.920003255208334
RAILTEL,9.930715935334874
ASTRAZEN,9.932127407483463
RSWM,9.936379924684474
MEP,9.93865592060936
JAYSREETEA,9.946003961292565
CENTENKA,9.954555958284
ADSL,9.9716452564201
WENDT,9.97623150727724
ICRA,9.97880978078504
RAJVIR,9.999998410542805
MARKER10,10.0
VCL,10.00000397364309
TDPOWERSYS,10.00295015249348
SUNDRMFAST,10.031503624381555
SILINV,10.03189603362554
INDIACEM,10.040370022911736
AAKASH,10.045245588393309
AMIORG,10.075005067909991
TI,10.091938507017096
NUVAMA,10.106245567477776
NOCIL,10.115110986304582
SPARC,10.171453492972224
KRITINUT,10.176410810360425
UGARSUGAR,10.17751157551154
ZENITHSTL,10.193547894877772
INDOWIND,10.194387253736776
SANDUMA,10.213366635550024
KEI,10.232253424761096
NAVKARCORP,10.26455614390499
ALPHAGEO,10.373948123142297
DIAMONDYD,10.39934297889588
TTKPRESTIG,10.422515083582349
MASTEK,10.442296936114412
CRAFTSMAN,10.500087760877005
EQUITASBNK,10.507402327417005
HINDNATGLS,10.511365575977552
UPL,10.515531964140266
CAPLIPOINT,10.51882494997886
AARVEEDEN,10.563104129532007
TIMESGTY,10.576923076923077
DCI,10.622784079059246
FCSSOFT,10.649359335202286
DEN,10.702274834943594
GILLETTE,10.702384024324632
PFS,10.723597815984078
KOTHARIPRO,10.726559162139893
ISMTLTD,10.756163118403927
AROGRANITE,10.76181677004239
NAM-INDIA,10.778597154019543
HLEGLAS,10.8272971193737
TRACXN,10.85181258218069
GPTINFRA,10.854212145188596
APCOTEXIND,10.863400482778374
PRUDENT,10.868836501101727
GANGESSECU,10.897646426506766
ORIENTCEM,10.956022229109262
SCI,11.01108943726405
IMPAL,11.06222774250169
BALKRISHNA,11.0729614085238
RICOAUTO,11.129036737938026
MAXHEALTH,11.167664670658684
PRAKASH,11.197410486033965
BEL,11.234732444377356
THOMASCOOK,11.260660903713717
OAL,11.260871334352355
VASCONEQ,11.285607660452811
SGL,11.318323174402131
CHOICEIN,11.33823170381434
PONNIERODE,11.349203581172052
VISHWARAJ,11.419554715332737
VISESHINFO,11.428569239013012
GENESYS,11.44001938181656
GODREJAGRO,11.443547862086923
MINDACORP,11.479648810234435
DBCORP,11.485005463237554
ASHOKLEY,11.49750986099666
ESCORTS,11.50126328363308
PATELENG,11.550204725150602
GOCLCORP,11.556746215251051
SPTL,11.578942745346051
EIMCOELECO,11.582167850560896
KOHINOOR,11.585516799098416
HINDCOMPOS,11.599005464340342
PNBGILTS,11.625242676382888
NBCC,11.643702402836134
CSLFINANCE,11.647220752218116
MUTHOOTMF,11.674104418073382
UNIENTER,11.688395433525605
JSWINFRA,11.73606889369243
STAR,11.736207504244184
RANEENGINE,11.738602441849386
IRIS,11.776536677570688
ELGIEQUIP,11.789259925706972
IOLCP,11.819276850359476
VHL,11.82990293733069
IVC,11.877734786083352
GRINFRA,11.891874496733974
ABFRL,11.904762162974066
KICL,11.910046501501077
CAMLINFINE,11.91115538822031
AYMSYNTEX,11.943981694240197
SHIVAMAUTO,11.951543591770934
SELAN,11.991462503373834
JLHL,12.01731050819911
ROTO,12.03106885090152
KAVVERITEL,12.034374683702588
MANGCHEFER,12.0977783203125
CORDSCABLE,12.100728363630925
SNOWMAN,12.102874712065374
OPTIEMUS,12.13208436916191
SAPPHIRE,12.183418072089946
ISGEC,12.202207752285824
GHCL,12.203895610788356
HAPPSTMNDS,12.209071102961216
PERSISTENT,12.252769310274056
SHIVATEX,12.265094641050512
DOMS,12.285636103232878
LICHSGFIN,12.291870265478805
CAMPUS,12.296210047734144
INDHOTEL,12.346075131652867
CANTABIL,12.360351435980045
NCC,12.376332555058248
COFORGE,12.384789872854114
BIOCON,12.38621760322526
DEVYANI,12.386884845671108
TCPLPACK,12.427144612412476
RAYMOND,12.431636418402547
CUB,12.434481916756464
DIACABS,12.532984930311978
VINATIORGA,12.535501845903012
FIVESTAR,12.552136718754564
M&M,12.578045353551715
DIVISLAB,12.587913691331684
GESHIP,12.604874924728804
ACI,12.614511362936796
TIMKEN,12.68608192058324
NACLIND,12.708932998416849
BRIGADE,12.71769525428142
JBMA,12.754483953419598
JSL,12.76459116971654
KALYANKJIL,12.826899128268993
DALMIASUG,12.827190632681551
GABRIEL,12.842809364548494
SUTLEJTEX,12.877697920701772
TRENT,12.912470545669862
TVSMOTOR,12.964423797976258
EUROTEXIND,13.043483177561498
BAJAJELEC,13.078034564473198
MOREPENLAB,13.10924764390345
IFBIND,13.135709360954417
STARPAPER,13.141747823776148
BAJAJCON,13.169609898354812
LAKPRE,13.176469241871551
DECCANCE,13.176632980970894
SKFINDIA,13.186212446910393
AARTIIND,13.192167445939871
PENINLAND,13.19443675879788
GLOBALVECT,13.19497863456704
HPIL,13.2018315361537
ORBTEXP,13.202493732963395
UNIVCABLES,13.219654797249287
SUVENPHAR,13.22760101729778
ASAHIINDIA,13.228663870419927
CHOLAHLDNG,13.2628760375194
ORIENTELEC,13.282166216228134
SANCO,13.291135458510006
SPAL,13.302786436640984
PAGEIND,13.328779846394324
BLS,13.347990205620814
RAMCOIND,13.35484926906286
NIRAJ,13.356813721162098
GOKULAGRO,13.38013195291188
PYRAMID,13.382750287850282
TVVISION,13.38842838418414
ORIENTLTD,13.423326684664676
ASKAUTOLTD,13.457885257380704
VGUARD,13.491851896060531
ARIES,13.495381754300247
KAMOPAINTS,13.502597593130726
AIAENG,13.535091724900816
SALZERELEC,13.57525170529571
APTUS,13.58979104199102
ANANTRAJ,13.611760541722816
BANDHANBNK,13.650184025465684
KAPSTON,13.656961550619554
MATRIMONY,13.725857123434986
INDIAGLYCO,13.747947120369316
SVLL,13.831234090473668
BLUEJET,13.83749180694264
DGCONTENT,13.864076484754248
DJML,13.883555038099624
AKZOINDIA,13.919622145021918
CIEINDIA,13.964271884472227
VARROC,14.069357493752838
ASTEC,14.069866863400652
OSWALGREEN,14.085362924840112
AVANTIFEED,14.088549372501364
NRL,14.138816926115105
POLYPLEX,14.148998533757162
HDFCBANK,14.186313699270908
HPL,14.19386616291029
PDMJEPAPER,14.22734653246605
BECTORFOOD,14.339795025176375
ORTINLAB,14.349031922782917
IEX,14.39344882262404
AHL,14.419921600353884
PHOENIXLTD,14.427920882364631
RPOWER,14.444445987212578
NCLIND,14.448434018826257
SHAILY,14.474764529789718
BSOFT,14.512600938813025
GMRINFRA,14.517823174630635
TRIVENI,14.598438124666844
TARSONS,14.614855161843204
MGL,14.622024130358344
DCW,14.627154182553037
SJS,14.723086202582069
VOLTAS,14.788513368046804
ALBERTDAVD,14.79124595701458
ELECON,14.79599831415515
WALCHANNAG,14.835791177268195
ERIS,14.86315440196942
SUPERSPIN,14.868416470834037
BASF,14.879086757084009
SKIPPER,14.881229159883782
SURAJEST,14.909757211624044
KAYNES,14.911814147475658
CLEDUCATE,14.91856279901262
UNITEDTEA,14.92887287699434
SPLPETRO,15.092711703840385
JUBLFOOD,15.145510624618131
LIBERTSHOE,15.160027413885636
WHEELS,15.182433498273111
RELCHEMQ,15.23429542809878
DIGISPICE,15.253682369193028
SMSPHARMA,15.26520443658759
HERANBA,15.30293508181322
CENTEXT,15.31578867059005
HAPPYFORGE,15.322849217554044
SONATSOFTW,15.40001978826556
SHREYAS,15.418574295919235
SENCO,15.517623672546415
UNIINFO,15.552192158251884
CANFINHOME,15.565840699640344
AKSHARCHEM,15.590294226011894
VIKASLIFE,15.643563010203938
PANSARI,15.675673074956908
TNTELE,15.678396477596657
INFOBEAN,15.709598332066369
JITFINFRA,15.73723816606142
STOVEKRAFT,15.852678287006093
LIKHITHA,15.860766430613907
GANESHHOUC,15.893716858205012
CTE,15.941005470478428
NEOGEN,16.016469822718197
MUNJALAU,16.044088462103776
SIMPLEXINF,16.083758033347348
GICHSGFIN,16.094588914080838
SPIC,16.150842552019522
GAYAHWS,16.15384968074834
M&MFIN,16.19210132299613
PRECWIRE,16.20866757479441
SUNTV,16.26845009467284
GRPLTD,16.285713648257516
TFL,16.298200267087637
SAGCEM,16.329280477511592
GET&D,16.36443935168394
QUICKHEAL,16.418564361694237
SAHYADRI,16.42682650155521
ASAHISONG,16.44664103111811
SOBHA,16.536006924791284
MCLEODRUSS,16.536083418069428
SYMPHONY,16.57992477849021
BAJEL,16.58537703447577
SRGHFL,16.621983914209114
CHEMPLASTS,16.623376623376622
BHARATFORG,16.6538992851079
ASHAPURMIN,16.66903307633575
MBLINFRA,16.70995081930531
PNC,16.74216089701474
PIONEEREMB,16.781065449912166
L&TFH,16.834205163347843
PRAENG,16.835016402555617
PAYTM,16.90360523913129
ANDHRSUGAR,16.934161076788
GKWLIMITED,16.957254646942978
INTELLECT,17.006233838459377
SKYGOLD,17.053264368718594
VINYLINDIA,17.098230390272104
WABAG,17.121677126079803
DICIND,17.160442748754562
MANAKALUCO,17.183669732541453
ZFCVINDIA,17.20605059678356
INCREDIBLE,17.279798568164196
KSCL,17.287860300275238
SHAKTIPUMP,17.320573133611784
20MICRONS,17.327117372667622
BALRAMCHIN,17.39475233414622
GENSOL,17.414648611221946
PITTIENG,17.427597841965017
TRIGYN,17.429717311364673
KELLTONTEC,17.460822619361764
GRINDWELL,17.461377581813306
SASTASUNDR,17.487723998347185
HGINFRA,17.552484112238425
MAHEPC,17.619393572473637
ASHIANA,17.62072181605253
TIRUMALCHM,17.734281155252514
DELTACORP,17.748345943517975
IVP,17.783072583548464
SPMLINFRA,17.807472447142853
GICRE,17.87060441092754
UFLEX,17.902786403841286
WINDLAS,17.95377270947999
WHIRLPOOL,17.960344121440613
SHILPAMED,17.968267926082046
TIMETECHNO,17.978312344803594
AIRAN,18.011931432825342
FLFL,18.04878695531675
ZODIACLOTH,18.075563720393024
USHAMART,18.090375449845116
MOTILALOFS,18.10263445480662
BVCL,18.3469617235142
ZENTEC,18.40223604586788
OMAXE,18.418200907823525
SIKKO,18.42137030969413
PANAMAPET,18.483889203634337
POLYMED,18.532533610096017
ROSSARI,18.554766246425817
GANECOS,18.568941254882567
AKG,18.694516945274035
AAVAS,18.814765818918712
SOMICONVEY,18.87364576869923
SHRIRAMFIN,18.89391772226904
GLENMARK,18.96177037776011
BYKE,19.006136547159215
KIRLOSBROS,19.029596472703208
ETHOSLTD,19.070934187037913
SHARDAMOTR,19.15174960464443
GRWRHITECH,19.235368529459542
SANSERA,19.259432763915264
AGSTRA,19.267645159392888
PRSMJOHNSN,19.363856244183285
SUMICHEM,19.365000657910457
TOTAL,19.386438145733283
PRIVISCL,19.429501836651813
MAGADSUGAR,19.44507302798088
IIFL,19.469916436804116
MOHITIND,19.5433824712219
KHAITANLTD,19.702602230483272
FINOPB,19.71678268480893
GREENPLY,19.75672156078518
BALPHARMA,19.76083919539727
HIL,19.792923200643344
INDIASHLTR,19.874862241963267
HECPROJECT,19.88378171307109
RVNL,19.89758595464521
SYRMA,19.906682440348888
GRANULES,19.93399818535665
FOSECOIND,19.951160701365357
SMSLIFE,19.971486705381032
RKEC,19.988730515153595
MARKER20,20.0
EXIDEIND,20.03792770343396
NATCOPHARM,20.161129878498382
SANDESH,20.208578100577455
JSWENERGY,20.22427134021321
IITL,20.268600931900085
ITDCEM,20.37765223712302
DHARMAJ,20.385289148980583
3MINDIA,20.39089317308804
AVADHSUGAR,20.42007045914808
SUZLON,20.431328390189933
TARC,20.482296963789818
TREEHOUSE,20.517649931066178
ARMANFIN,20.57170659658324
RACE,20.577913613125308
BDL,20.583833127221855
MHRIL,20.6827297085487
MAHAPEXLTD,20.74441253014301
TEXINFRA,20.759599256909475
SHREYANIND,20.762227417540828
MANALIPETC,20.76873600340953
HFCL,20.81551434106086
INVENTURE,20.86956647934222
LFIC,20.89559992024433
SPYL,20.923078977144684
BLAL,20.94000244140625
HCC,21.008602165471707
INDNIPPON,21.04397507399349
ESSENTIA,21.066665649414062
MITTAL,21.111118028193527
MAYURUNIQ,21.17363815266089
GEPIL,21.23919725954522
AZAD,21.376771667797357
JHS,21.46340878438939
BANARISUG,21.47948205970148
GPIL,21.547846838216262
VINEETLAB,21.57434073765197
SWARAJENG,21.60054398990832
PPL,21.613989536924176
PARADEEP,21.625086014216233
IBREALEST,21.67250093267937
VSTTILLERS,21.756512454168313
SAKHTISUG,21.80207208504713
AURIONPRO,21.81160468540382
TFCILTD,21.814123285960186
ARE&M,21.859061723140943
WELENT,22.022924854075356
RKFORGE,22.04424605510496
SPCENET,22.058822910678444
GENCON,22.18044645532416
EMSLIMITED,22.18684489726944
MANORAMA,22.314707261502424
SHREEPUSHK,22.36712730094178
EIHAHOTELS,22.37022367521629
TEJASNET,22.488203023196583
ASAL,22.51131109084681
GOLDENTOBC,22.52631940339741
TCLCONS,22.537144252232142
SURANAT&P,22.625705199549696
RENUKA,22.63658655439677
BPL,22.693607176372375
IGPL,22.699386503067483
EIDPARRY,22.798495333278055
JISLJALEQS,22.81951205444279
KMSUGAR,22.86851645872093
SIMBHALS,22.872342512189107
JTEKTINDIA,22.974023243842744
GVPTECH,22.99999757246538
RANASUG,23.01624671657223
HERCULES,23.021284418597247
TIL,23.06508954037493
PDSL,23.184102976265574
STYRENIX,23.184991205806263
PARASPETRO,23.2835890153227
ASALCBR,23.290855374010334
ZUARI,23.33813573926921
STEL,23.34514701729713
INOXGREEN,23.424866226499095
AEGISCHEM,23.54111585610848
RALLIS,23.749552159669967
HUHTAMAKI,23.83246808536969
ZOTA,23.93981521177491
PRESTIGE,24.03526930326017
DBL,24.08382785765556
INSECTICID,24.108061185680267
AGARIND,24.15503107558417
MPSLTD,24.18429571508798
ZENSARTECH,24.213390474886673
GODHA,24.285717083483373
NETWEB,24.320112008939432
DEEPAKFERT,24.424093487306227
MICEL,24.54105690481582
TRIL,24.55542220171031
THOMASCOTT,24.60250535270659
GARFIBRES,24.718691274224465
INDIANHUME,24.797849602901316
DBOL,24.8058838190673
BHARATRAS,24.817855489147515
ASIANTILES,24.909388372061308
COROMANDEL,24.91638318872154
VSCL,24.93670499777492
HARSHA,25.1112859579644
IIFLSEC,25.306910413054972
GEECEE,25.401775584595796
POKARNA,25.43348058610515
SUPRAJIT,25.53424952399437
VMART,25.625586725773378
ORIENTALTL,25.73033775288176
JINDALPOLY,25.851576736554065
TECHNOE,25.93239742186311
NDL,25.986924514271852
VENUSREM,26.095657889035824
JAICORPLTD,26.122790209078005
DIXON,26.464196170424724
IDEA,26.4944586596266
MAPMYINDIA,26.540198356091764
ALICON,26.589908746585028
MADRASFERT,26.706778583371708
ASTRAMICRO,26.852947066112932
DREDGECORP,26.884489045826548
SCPL,26.96823095466478
TITAGARH,26.981700912265985
OFSS,26.98468927114442
ARTNIRMAN,26.987718404022903
ORISSAMINE,27.015330714983342
LTFOODS,27.051244861844697
SAMPANN,27.05223957609033
CERA,27.62882934120201
ACCURACY,27.783780484586153
ENDURANCE,27.873100544267604
RELINFRA,27.971400203159607
STARTECK,27.98399658203125
CREATIVEYE,28.034186208907336
ABSLAMC,28.100382382502424
LODHA,28.33347642157844
CHAMBLFERT,28.456090241364446
GALLANTT,28.480002170138892
RCOM,28.484843405591263
HOMEFIRST,28.645403758708643
VPRPL,28.699085946384308
INTENTECH,28.74261969508604
RAMKY,28.77303329877567
PENIND,29.164207710496527
RHL,29.187498092651364
GRMOVER,29.310934666439852
KCPSUGIND,29.38718325528612
HEUBACHIND,29.39320491696809
ELIN,29.59253954850311
IL&FSTRANS,29.77272532695585
COCHINSHIP,29.93601462522852
PRECOT,30.008027290338564
NOIDATOLL,30.05291227417219
DNAMEDIA,30.105259543971012
ORTEL,30.370367361521417
SAREGAMA,30.41998115099241
ASHOKA,30.459929563312883
BAJAJHIND,30.519875563878152
RAJSREESUG,30.66988854125917
TIIL,30.686067896852236
AMNPLST,30.99478880564372
GMRP&UI,31.000733625669007
PRAJIND,31.12442989110487
AKI,31.37254773630905
JWL,31.509825425847648
THANGAMAYL,31.767058281844108
NAHARPOLY,31.81483102878268
PKTEA,31.9923300715643
JKIL,32.13855789368411
RKDL,32.394963188971616
BIRLAMONEY,32.41326107151559
CONTI,32.775122040655006
JUBLINDS,33.19785682368705
NAGAFERT,33.46341761147104
MAZDOCK,33.724797245329924
JAYAGROGN,33.7784328264983
MAXESTATES,33.949800665966755
KNRCON,34.22408464162614
GIPCL,34.95926925919842
USK,35.131575862173555
ROLLT,35.36231918110614
KCP,35.38207165948276
MARINE,35.38391134996316
KSHITIJPOL,35.384619616898014
GRSE,35.51325117107923
SAKUMA,35.59701935489198
SUNTECK,35.81373895433323
DHANUKA,35.91724491943635
KRISHANA,36.004494817971384
MAWANASUG,36.24609132759021
PGEL,36.59794382706099
BIKAJI,36.72778123093378
PUNJABCHEM,36.92218150845969
EMAMILTD,37.07106678280591
JKPAPER,37.12671387353523
ZEELEARN,37.14285897464461
NFL,37.22627737226277
COSMOFIRST,37.298342326176744
RCF,37.472710338604806
INFOMEDIA,37.73584769857703
ATLANTAA,37.79527559055118
DONEAR,38.24056603737812
RTNPOWER,38.32700427173583
21STCENMGM,38.50746441229004
BHAGCHEM,38.52467569572841
NAZARA,39.69330499016343
EXCEL,39.99999761581421
VISHNU,40.83554471561104
BEPL,41.018419038140976
TIRUPATIFL,41.04046644267998
KAYA,41.25279277940903
OMINFRAL,41.82239665027751
BLKASHYAP,41.96441858173512
PANACHE,42.158615524639856
UNOMINDA,42.54397337880081
MARATHON,42.552169943310794
MOTHERSON,42.6443712115362
HESTERBIO,42.75084625100342
V2RETAIL,43.296862035334854
SANWARIA,43.333330021964315
KALYANIFRG,43.62706577784181
LGBFORGE,44.44445193683554
JCHAC,46.14832344654277
DRCSYSTEMS,46.16136075562714
LCCINFOTEC,47.4999925494197
CROWN,47.78209499902109
NAVA,47.88436594596096
FINCABLES,48.21395736006037
MARKER50,50.0
HONDAPOWER,50.22048883684845
ASHIMASYN,51.07943505186356
TECILCHEM,51.20162967601488
A2ZINFRA,53.195880572710585
ICEMAKE,53.58565039521777
HERITGFOOD,57.283985698393934
GRAVITA,61.26300471143382
SETUINFRA,61.66666501098216
FACT,61.72926529753126
FRETAIL,64.99999761581421
PTCIL,65.62661413713592
GTLINFRA,66.45161310170121
SHRADHA,68.83212157134348
KRITI,68.93040411340753
PARAS,75.04949581196479
TERASOFT,75.50340951143089
E2E,76.96665142104112
PREMEXPLN,78.93922607525558
WINDMACHIN,81.45433504597352
ESSARSHPNG,88.51063265670255
PASHUPATI,96.9323642012002
MARKER1000,100.0
TCIFINANCE,102.15828167368612
ZENITHEXPO,144.05542012805128
